item_name,reason,keep_item_code,delete_item_code,status,reference_count_before,draft_repoints,draft_repoint_failures,submitted_reference_count,error
AAMCHOOR POWDER,mixed-margin-delete-default-7,SANSHRAY_FOODS_RAW_MATERIAL_09109100_AAMCHOOR_POWDER,SANSHRAY_FOODS_GROCERY_09109100_AAMCHOOR_POWDER,blocked_by_history,3,2,1,0,"DELETE /api/resource/Item/SANSHRAY_FOODS_GROCERY_09109100_AAMCHOOR_POWDER failed: HTTP 417: {""exception"":""frappe.exceptions.LinkExistsError: You can disable this Item instead of deleting it."",""exc_type"":""LinkExistsError"",""exc"":""[\""Traceback (most recent call last):\\n  File \\\""apps/frappe/frappe/model/delete_doc.py\\\"", line 132, in delete_doc\\n    check_if_doc_is_linked(doc)\\n  File \\\""apps/frappe/frappe/model/delete_doc.py\\\"", line 319, in check_if_doc_is_linked\\n    raise_link_exists_exception(doc, linked_parent_doctype, reference_docname)\\n  File \\\""apps/frappe/frappe/model/delete_doc.py\\\"", line 384, in raise_link_exists_exception\\n    frappe.throw(\\n  File \\\""apps/frappe/frappe/__init__.py\\\"", line 609, in throw\\n    msgprint(\\n  File \\\""apps/frappe/frappe/__init__.py\\\"", line 574, in msgprint\\n    _raise_exception()\\n  File \\\""apps/frappe/frappe/__init__.py\\\"", line 525, in _raise_exception\\n    raise exc\\nfrappe.exceptions.LinkExistsError: Cannot delete or cancel because Item <a href=\\\""http://frontend:8080/app/item/SANSHRAY_FOODS_GROCERY_09109100_AAMCHOOR_POWDER\\\"">SANSHRAY_FOODS_GROCERY_09109100_AAMCHOOR_POWDER</a> is linked with Sales Order <a href=\\\""http://frontend:8080/app/sales-order/SAL-ORD-2026-00017\\\"">SAL-ORD-2026-00017</a> \\n\\nDuring handling of the above exception, another exception occurred:\\n\\nTraceback (most recent call last):\\n  File \\\""apps/frappe/frappe/app.py\\\"", line 120, in application\\n    response = frappe.api.handle(request)\\n               ^^^^^^^^^^^^^^^^^^^^^^^^^^\\n  File \\\""apps/frappe/frappe/api/__init__.py\\\"", line 52, in handle\\n    data = endpoint(**arguments)\\n           ^^^^^^^^^^^^^^^^^^^^^\\n  File \\\""apps/frappe/frappe/api/v1.py\\\"", line 68, in delete_doc\\n    frappe.delete_doc(doctype, name, ignore_missing=False)\\n  File \\\""apps/frappe/frappe/__init__.py\\\"", line 1370, in delete_doc\\n    return frappe.model.delete_doc.delete_doc(\\n           ^^^^^^^^^^^^^^^^^^^^^^^^^^^^^^^^^^^\\n  File \\\""apps/frappe/frappe/model/delete_doc.py\\\"", line 136, in delete_doc\\n    frappe.throw(\\n  File \\\""apps/frappe/frappe/__init__.py\\\"", line 609, in throw\\n    msgprint(\\n  File \\\""apps/frappe/frappe/__init__.py\\\"", line 574, in msgprint\\n    _raise_exception()\\n  File \\\""apps/frappe/frappe/__init__.py\\\"", line 525, in _raise_exception\\n    raise exc\\nfrappe.exceptions.LinkExistsError: You can disable this Item instead of deleting it.\\n\""]"",""_server_messages"":""[\""{\\\""message\\\"": \\\""Cannot delete or cancel because Item <a href=\\\\\\\""http://frontend:8080/app/item/SANSHRAY_FOODS_GROCERY_09109100_AAMCHOOR_POWDER\\\\\\\"">SANSHRAY_FOODS_GROCERY_09109100_AAMCHOOR_POWDER</a> is linked with Sales Order <a href=\\\\\\\""http://frontend:8080/app/sales-order/SAL-ORD-2026-00017\\\\\\\"">SAL-ORD-2026-00017</a> \\\"", \\\""title\\\"": \\\""Message\\\"", \\\""indicator\\\"": \\\""red\\\"", \\\""raise_exception\\\"": 1, \\\""__frappe_exc_id\\\"": \\\""d8de887c7626423b51c259d36d351a7a6579eaf3432372ad008f24d1\\\""}\"", \""{\\\""message\\\"": \\\""You can disable this Item instead of deleting it.\\\"", \\\""title\\\"": \\\""Message\\\"", \\\""indicator\\\"": \\\""red\\\"", \\\""raise_exception\\\"": 1, \\\""__frappe_exc_id\\\"": \\\""071a51e171c521856a11ba966e77e65aeeac2bf0805e05ec76666d64\\\""}\""]""}"
ALMOND FLAKES (BADAM KATRI),mixed-margin-delete-default-7,SANSHRAY_FOODS_RAW_MATERIAL_08021100_ALMOND_FLAKES_BADAM_KATRI,SANSHRAY_FOODS_GROCERY_08021100_ALMOND_FLAKES_BADAM_KATRI,repointed_then_deleted,6,6,0,0,
AMBEMOHAR RICE,mixed-margin-delete-default-7,SANSHRAY_FOODS_RAW_MATERIAL_11010000_AMBEMOHAR_RICE,SANSHRAY_FOODS_GROCERY_11010000_AMBEMOHAR_RICE,blocked_by_history,7,6,1,0,"DELETE /api/resource/Item/SANSHRAY_FOODS_GROCERY_11010000_AMBEMOHAR_RICE failed: HTTP 417: {""exception"":""frappe.exceptions.LinkExistsError: You can disable this Item instead of deleting it."",""exc_type"":""LinkExistsError"",""exc"":""[\""Traceback (most recent call last):\\n  File \\\""apps/frappe/frappe/model/delete_doc.py\\\"", line 132, in delete_doc\\n    check_if_doc_is_linked(doc)\\n  File \\\""apps/frappe/frappe/model/delete_doc.py\\\"", line 319, in check_if_doc_is_linked\\n    raise_link_exists_exception(doc, linked_parent_doctype, reference_docname)\\n  File \\\""apps/frappe/frappe/model/delete_doc.py\\\"", line 384, in raise_link_exists_exception\\n    frappe.throw(\\n  File \\\""apps/frappe/frappe/__init__.py\\\"", line 609, in throw\\n    msgprint(\\n  File \\\""apps/frappe/frappe/__init__.py\\\"", line 574, in msgprint\\n    _raise_exception()\\n  File \\\""apps/frappe/frappe/__init__.py\\\"", line 525, in _raise_exception\\n    raise exc\\nfrappe.exceptions.LinkExistsError: Cannot delete or cancel because Item <a href=\\\""http://frontend:8080/app/item/SANSHRAY_FOODS_GROCERY_11010000_AMBEMOHAR_RICE\\\"">SANSHRAY_FOODS_GROCERY_11010000_AMBEMOHAR_RICE</a> is linked with Sales Order <a href=\\\""http://frontend:8080/app/sales-order/SAL-ORD-2026-00017\\\"">SAL-ORD-2026-00017</a> \\n\\nDuring handling of the above exception, another exception occurred:\\n\\nTraceback (most recent call last):\\n  File \\\""apps/frappe/frappe/app.py\\\"", line 120, in application\\n    response = frappe.api.handle(request)\\n               ^^^^^^^^^^^^^^^^^^^^^^^^^^\\n  File \\\""apps/frappe/frappe/api/__init__.py\\\"", line 52, in handle\\n    data = endpoint(**arguments)\\n           ^^^^^^^^^^^^^^^^^^^^^\\n  File \\\""apps/frappe/frappe/api/v1.py\\\"", line 68, in delete_doc\\n    frappe.delete_doc(doctype, name, ignore_missing=False)\\n  File \\\""apps/frappe/frappe/__init__.py\\\"", line 1370, in delete_doc\\n    return frappe.model.delete_doc.delete_doc(\\n           ^^^^^^^^^^^^^^^^^^^^^^^^^^^^^^^^^^^\\n  File \\\""apps/frappe/frappe/model/delete_doc.py\\\"", line 136, in delete_doc\\n    frappe.throw(\\n  File \\\""apps/frappe/frappe/__init__.py\\\"", line 609, in throw\\n    msgprint(\\n  File \\\""apps/frappe/frappe/__init__.py\\\"", line 574, in msgprint\\n    _raise_exception()\\n  File \\\""apps/frappe/frappe/__init__.py\\\"", line 525, in _raise_exception\\n    raise exc\\nfrappe.exceptions.LinkExistsError: You can disable this Item instead of deleting it.\\n\""]"",""_server_messages"":""[\""{\\\""message\\\"": \\\""Cannot delete or cancel because Item <a href=\\\\\\\""http://frontend:8080/app/item/SANSHRAY_FOODS_GROCERY_11010000_AMBEMOHAR_RICE\\\\\\\"">SANSHRAY_FOODS_GROCERY_11010000_AMBEMOHAR_RICE</a> is linked with Sales Order <a href=\\\\\\\""http://frontend:8080/app/sales-order/SAL-ORD-2026-00017\\\\\\\"">SAL-ORD-2026-00017</a> \\\"", \\\""title\\\"": \\\""Message\\\"", \\\""indicator\\\"": \\\""red\\\"", \\\""raise_exception\\\"": 1, \\\""__frappe_exc_id\\\"": \\\""e464f9cd0a409588ffb0b14d5f39807e93d3294da3cd13aa02b8f9fd\\\""}\"", \""{\\\""message\\\"": \\\""You can disable this Item instead of deleting it.\\\"", \\\""title\\\"": \\\""Message\\\"", \\\""indicator\\\"": \\\""red\\\"", \\\""raise_exception\\\"": 1, \\\""__frappe_exc_id\\\"": \\\""ef9cab45c2871db495b458b40aa017a09617d154ed9107c4bdfcd4aa\\\""}\""]""}"
BADISHEP (FENNEL SEEDS),mixed-margin-delete-default-7,SANSHRAY_FOODS_RAW_MATERIAL_09096139_BADISHEP_FENNEL_SEEDS,SANSHRAY_FOODS_GROCERY_09096139_BADISHEP_FENNEL_SEEDS,blocked_by_history,7,6,1,0,"DELETE /api/resource/Item/SANSHRAY_FOODS_GROCERY_09096139_BADISHEP_FENNEL_SEEDS failed: HTTP 417: {""exception"":""frappe.exceptions.LinkExistsError: You can disable this Item instead of deleting it."",""exc_type"":""LinkExistsError"",""exc"":""[\""Traceback (most recent call last):\\n  File \\\""apps/frappe/frappe/model/delete_doc.py\\\"", line 132, in delete_doc\\n    check_if_doc_is_linked(doc)\\n  File \\\""apps/frappe/frappe/model/delete_doc.py\\\"", line 319, in check_if_doc_is_linked\\n    raise_link_exists_exception(doc, linked_parent_doctype, reference_docname)\\n  File \\\""apps/frappe/frappe/model/delete_doc.py\\\"", line 384, in raise_link_exists_exception\\n    frappe.throw(\\n  File \\\""apps/frappe/frappe/__init__.py\\\"", line 609, in throw\\n    msgprint(\\n  File \\\""apps/frappe/frappe/__init__.py\\\"", line 574, in msgprint\\n    _raise_exception()\\n  File \\\""apps/frappe/frappe/__init__.py\\\"", line 525, in _raise_exception\\n    raise exc\\nfrappe.exceptions.LinkExistsError: Cannot delete or cancel because Item <a href=\\\""http://frontend:8080/app/item/SANSHRAY_FOODS_GROCERY_09096139_BADISHEP_FENNEL_SEEDS\\\"">SANSHRAY_FOODS_GROCERY_09096139_BADISHEP_FENNEL_SEEDS</a> is linked with Sales Order <a href=\\\""http://frontend:8080/app/sales-order/SAL-ORD-2026-00017\\\"">SAL-ORD-2026-00017</a> \\n\\nDuring handling of the above exception, another exception occurred:\\n\\nTraceback (most recent call last):\\n  File \\\""apps/frappe/frappe/app.py\\\"", line 120, in application\\n    response = frappe.api.handle(request)\\n               ^^^^^^^^^^^^^^^^^^^^^^^^^^\\n  File \\\""apps/frappe/frappe/api/__init__.py\\\"", line 52, in handle\\n    data = endpoint(**arguments)\\n           ^^^^^^^^^^^^^^^^^^^^^\\n  File \\\""apps/frappe/frappe/api/v1.py\\\"", line 68, in delete_doc\\n    frappe.delete_doc(doctype, name, ignore_missing=False)\\n  File \\\""apps/frappe/frappe/__init__.py\\\"", line 1370, in delete_doc\\n    return frappe.model.delete_doc.delete_doc(\\n           ^^^^^^^^^^^^^^^^^^^^^^^^^^^^^^^^^^^\\n  File \\\""apps/frappe/frappe/model/delete_doc.py\\\"", line 136, in delete_doc\\n    frappe.throw(\\n  File \\\""apps/frappe/frappe/__init__.py\\\"", line 609, in throw\\n    msgprint(\\n  File \\\""apps/frappe/frappe/__init__.py\\\"", line 574, in msgprint\\n    _raise_exception()\\n  File \\\""apps/frappe/frappe/__init__.py\\\"", line 525, in _raise_exception\\n    raise exc\\nfrappe.exceptions.LinkExistsError: You can disable this Item instead of deleting it.\\n\""]"",""_server_messages"":""[\""{\\\""message\\\"": \\\""Cannot delete or cancel because Item <a href=\\\\\\\""http://frontend:8080/app/item/SANSHRAY_FOODS_GROCERY_09096139_BADISHEP_FENNEL_SEEDS\\\\\\\"">SANSHRAY_FOODS_GROCERY_09096139_BADISHEP_FENNEL_SEEDS</a> is linked with Sales Order <a href=\\\\\\\""http://frontend:8080/app/sales-order/SAL-ORD-2026-00017\\\\\\\"">SAL-ORD-2026-00017</a> \\\"", \\\""title\\\"": \\\""Message\\\"", \\\""indicator\\\"": \\\""red\\\"", \\\""raise_exception\\\"": 1, \\\""__frappe_exc_id\\\"": \\\""c97baaa817e48aa426702adee82f1efd8a16bd07071fbf7f0bef937a\\\""}\"", \""{\\\""message\\\"": \\\""You can disable this Item instead of deleting it.\\\"", \\\""title\\\"": \\\""Message\\\"", \\\""indicator\\\"": \\\""red\\\"", \\\""raise_exception\\\"": 1, \\\""__frappe_exc_id\\\"": \\\""f480445358879fbfbd0f6a7b4494591f81b15bf21819e7a01967f845\\\""}\""]""}"
BLACK SALT 1KG,mixed-margin-delete-default-7,SANSHRAY_FOODS_RAW_MATERIAL_25010010_BLACK_SALT_1KG,SANSHRAY_FOODS_GROCERY_25010010_BLACK_SALT_1KG,repointed_then_deleted,6,6,0,0,
BROWN CHANA LOOSE,mixed-margin-delete-default-7,SANSHRAY_FOODS_RAW_MATERIAL_07132000_BROWN_CHANA_LOOSE,SANSHRAY_FOODS_GROCERY_07132000_BROWN_CHANA_LOOSE,blocked_by_history,7,6,1,0,"DELETE /api/resource/Item/SANSHRAY_FOODS_GROCERY_07132000_BROWN_CHANA_LOOSE failed: HTTP 417: {""exception"":""frappe.exceptions.LinkExistsError: You can disable this Item instead of deleting it."",""exc_type"":""LinkExistsError"",""exc"":""[\""Traceback (most recent call last):\\n  File \\\""apps/frappe/frappe/model/delete_doc.py\\\"", line 132, in delete_doc\\n    check_if_doc_is_linked(doc)\\n  File \\\""apps/frappe/frappe/model/delete_doc.py\\\"", line 319, in check_if_doc_is_linked\\n    raise_link_exists_exception(doc, linked_parent_doctype, reference_docname)\\n  File \\\""apps/frappe/frappe/model/delete_doc.py\\\"", line 384, in raise_link_exists_exception\\n    frappe.throw(\\n  File \\\""apps/frappe/frappe/__init__.py\\\"", line 609, in throw\\n    msgprint(\\n  File \\\""apps/frappe/frappe/__init__.py\\\"", line 574, in msgprint\\n    _raise_exception()\\n  File \\\""apps/frappe/frappe/__init__.py\\\"", line 525, in _raise_exception\\n    raise exc\\nfrappe.exceptions.LinkExistsError: Cannot delete or cancel because Item <a href=\\\""http://frontend:8080/app/item/SANSHRAY_FOODS_GROCERY_07132000_BROWN_CHANA_LOOSE\\\"">SANSHRAY_FOODS_GROCERY_07132000_BROWN_CHANA_LOOSE</a> is linked with Sales Order <a href=\\\""http://frontend:8080/app/sales-order/SAL-ORD-2026-00017\\\"">SAL-ORD-2026-00017</a> \\n\\nDuring handling of the above exception, another exception occurred:\\n\\nTraceback (most recent call last):\\n  File \\\""apps/frappe/frappe/app.py\\\"", line 120, in application\\n    response = frappe.api.handle(request)\\n               ^^^^^^^^^^^^^^^^^^^^^^^^^^\\n  File \\\""apps/frappe/frappe/api/__init__.py\\\"", line 52, in handle\\n    data = endpoint(**arguments)\\n           ^^^^^^^^^^^^^^^^^^^^^\\n  File \\\""apps/frappe/frappe/api/v1.py\\\"", line 68, in delete_doc\\n    frappe.delete_doc(doctype, name, ignore_missing=False)\\n  File \\\""apps/frappe/frappe/__init__.py\\\"", line 1370, in delete_doc\\n    return frappe.model.delete_doc.delete_doc(\\n           ^^^^^^^^^^^^^^^^^^^^^^^^^^^^^^^^^^^\\n  File \\\""apps/frappe/frappe/model/delete_doc.py\\\"", line 136, in delete_doc\\n    frappe.throw(\\n  File \\\""apps/frappe/frappe/__init__.py\\\"", line 609, in throw\\n    msgprint(\\n  File \\\""apps/frappe/frappe/__init__.py\\\"", line 574, in msgprint\\n    _raise_exception()\\n  File \\\""apps/frappe/frappe/__init__.py\\\"", line 525, in _raise_exception\\n    raise exc\\nfrappe.exceptions.LinkExistsError: You can disable this Item instead of deleting it.\\n\""]"",""_server_messages"":""[\""{\\\""message\\\"": \\\""Cannot delete or cancel because Item <a href=\\\\\\\""http://frontend:8080/app/item/SANSHRAY_FOODS_GROCERY_07132000_BROWN_CHANA_LOOSE\\\\\\\"">SANSHRAY_FOODS_GROCERY_07132000_BROWN_CHANA_LOOSE</a> is linked with Sales Order <a href=\\\\\\\""http://frontend:8080/app/sales-order/SAL-ORD-2026-00017\\\\\\\"">SAL-ORD-2026-00017</a> \\\"", \\\""title\\\"": \\\""Message\\\"", \\\""indicator\\\"": \\\""red\\\"", \\\""raise_exception\\\"": 1, \\\""__frappe_exc_id\\\"": \\\""4b27c8a5e3c464f2cb51dc4cc80673801e87aab3b58b0369d21f7262\\\""}\"", \""{\\\""message\\\"": \\\""You can disable this Item instead of deleting it.\\\"", \\\""title\\\"": \\\""Message\\\"", \\\""indicator\\\"": \\\""red\\\"", \\\""raise_exception\\\"": 1, \\\""__frappe_exc_id\\\"": \\\""4ac3e472c2a9431a00d81233de9488eef1d62da63833551ae730adf6\\\""}\""]""}"
CHANA DAL LOOSE,mixed-margin-delete-default-7,SANSHRAY_FOODS_RAW_MATERIAL_07132000_CHANA_DAL_LOOSE,SANSHRAY_FOODS_GROCERY_07132000_CHANA_DAL_LOOSE,blocked_by_history,7,6,1,0,"DELETE /api/resource/Item/SANSHRAY_FOODS_GROCERY_07132000_CHANA_DAL_LOOSE failed: HTTP 417: {""exception"":""frappe.exceptions.LinkExistsError: You can disable this Item instead of deleting it."",""exc_type"":""LinkExistsError"",""exc"":""[\""Traceback (most recent call last):\\n  File \\\""apps/frappe/frappe/model/delete_doc.py\\\"", line 132, in delete_doc\\n    check_if_doc_is_linked(doc)\\n  File \\\""apps/frappe/frappe/model/delete_doc.py\\\"", line 319, in check_if_doc_is_linked\\n    raise_link_exists_exception(doc, linked_parent_doctype, reference_docname)\\n  File \\\""apps/frappe/frappe/model/delete_doc.py\\\"", line 384, in raise_link_exists_exception\\n    frappe.throw(\\n  File \\\""apps/frappe/frappe/__init__.py\\\"", line 609, in throw\\n    msgprint(\\n  File \\\""apps/frappe/frappe/__init__.py\\\"", line 574, in msgprint\\n    _raise_exception()\\n  File \\\""apps/frappe/frappe/__init__.py\\\"", line 525, in _raise_exception\\n    raise exc\\nfrappe.exceptions.LinkExistsError: Cannot delete or cancel because Item <a href=\\\""http://frontend:8080/app/item/SANSHRAY_FOODS_GROCERY_07132000_CHANA_DAL_LOOSE\\\"">SANSHRAY_FOODS_GROCERY_07132000_CHANA_DAL_LOOSE</a> is linked with Sales Order <a href=\\\""http://frontend:8080/app/sales-order/SAL-ORD-2026-00017\\\"">SAL-ORD-2026-00017</a> \\n\\nDuring handling of the above exception, another exception occurred:\\n\\nTraceback (most recent call last):\\n  File \\\""apps/frappe/frappe/app.py\\\"", line 120, in application\\n    response = frappe.api.handle(request)\\n               ^^^^^^^^^^^^^^^^^^^^^^^^^^\\n  File \\\""apps/frappe/frappe/api/__init__.py\\\"", line 52, in handle\\n    data = endpoint(**arguments)\\n           ^^^^^^^^^^^^^^^^^^^^^\\n  File \\\""apps/frappe/frappe/api/v1.py\\\"", line 68, in delete_doc\\n    frappe.delete_doc(doctype, name, ignore_missing=False)\\n  File \\\""apps/frappe/frappe/__init__.py\\\"", line 1370, in delete_doc\\n    return frappe.model.delete_doc.delete_doc(\\n           ^^^^^^^^^^^^^^^^^^^^^^^^^^^^^^^^^^^\\n  File \\\""apps/frappe/frappe/model/delete_doc.py\\\"", line 136, in delete_doc\\n    frappe.throw(\\n  File \\\""apps/frappe/frappe/__init__.py\\\"", line 609, in throw\\n    msgprint(\\n  File \\\""apps/frappe/frappe/__init__.py\\\"", line 574, in msgprint\\n    _raise_exception()\\n  File \\\""apps/frappe/frappe/__init__.py\\\"", line 525, in _raise_exception\\n    raise exc\\nfrappe.exceptions.LinkExistsError: You can disable this Item instead of deleting it.\\n\""]"",""_server_messages"":""[\""{\\\""message\\\"": \\\""Cannot delete or cancel because Item <a href=\\\\\\\""http://frontend:8080/app/item/SANSHRAY_FOODS_GROCERY_07132000_CHANA_DAL_LOOSE\\\\\\\"">SANSHRAY_FOODS_GROCERY_07132000_CHANA_DAL_LOOSE</a> is linked with Sales Order <a href=\\\\\\\""http://frontend:8080/app/sales-order/SAL-ORD-2026-00017\\\\\\\"">SAL-ORD-2026-00017</a> \\\"", \\\""title\\\"": \\\""Message\\\"", \\\""indicator\\\"": \\\""red\\\"", \\\""raise_exception\\\"": 1, \\\""__frappe_exc_id\\\"": \\\""e1eb85280e9d35babe796f66e25ec5a7c89435f420ad5f261b3be0fe\\\""}\"", \""{\\\""message\\\"": \\\""You can disable this Item instead of deleting it.\\\"", \\\""title\\\"": \\\""Message\\\"", \\\""indicator\\\"": \\\""red\\\"", \\\""raise_exception\\\"": 1, \\\""__frappe_exc_id\\\"": \\\""4b7898365e335df695e8e4ec927a326e433d6018da11ed6679034010\\\""}\""]""}"
CHAWLI DAAL,mixed-margin-delete-default-7,SANSHRAY_FOODS_RAW_MATERIAL_07132000_CHAWLI_DAAL,SANSHRAY_FOODS_GROCERY_07132000_CHAWLI_DAAL,repointed_then_deleted,6,6,0,0,
CHAWLI LOOSE,mixed-margin-delete-default-7,SANSHRAY_FOODS_RAW_MATERIAL_07132000_CHAWLI_LOOSE,SANSHRAY_FOODS_GROCERY_07132000_CHAWLI_LOOSE,blocked_by_history,7,6,1,0,"DELETE /api/resource/Item/SANSHRAY_FOODS_GROCERY_07132000_CHAWLI_LOOSE failed: HTTP 417: {""exception"":""frappe.exceptions.LinkExistsError: You can disable this Item instead of deleting it."",""exc_type"":""LinkExistsError"",""exc"":""[\""Traceback (most recent call last):\\n  File \\\""apps/frappe/frappe/model/delete_doc.py\\\"", line 132, in delete_doc\\n    check_if_doc_is_linked(doc)\\n  File \\\""apps/frappe/frappe/model/delete_doc.py\\\"", line 319, in check_if_doc_is_linked\\n    raise_link_exists_exception(doc, linked_parent_doctype, reference_docname)\\n  File \\\""apps/frappe/frappe/model/delete_doc.py\\\"", line 384, in raise_link_exists_exception\\n    frappe.throw(\\n  File \\\""apps/frappe/frappe/__init__.py\\\"", line 609, in throw\\n    msgprint(\\n  File \\\""apps/frappe/frappe/__init__.py\\\"", line 574, in msgprint\\n    _raise_exception()\\n  File \\\""apps/frappe/frappe/__init__.py\\\"", line 525, in _raise_exception\\n    raise exc\\nfrappe.exceptions.LinkExistsError: Cannot delete or cancel because Item <a href=\\\""http://frontend:8080/app/item/SANSHRAY_FOODS_GROCERY_07132000_CHAWLI_LOOSE\\\"">SANSHRAY_FOODS_GROCERY_07132000_CHAWLI_LOOSE</a> is linked with Sales Order <a href=\\\""http://frontend:8080/app/sales-order/SAL-ORD-2026-00017\\\"">SAL-ORD-2026-00017</a> \\n\\nDuring handling of the above exception, another exception occurred:\\n\\nTraceback (most recent call last):\\n  File \\\""apps/frappe/frappe/app.py\\\"", line 120, in application\\n    response = frappe.api.handle(request)\\n               ^^^^^^^^^^^^^^^^^^^^^^^^^^\\n  File \\\""apps/frappe/frappe/api/__init__.py\\\"", line 52, in handle\\n    data = endpoint(**arguments)\\n           ^^^^^^^^^^^^^^^^^^^^^\\n  File \\\""apps/frappe/frappe/api/v1.py\\\"", line 68, in delete_doc\\n    frappe.delete_doc(doctype, name, ignore_missing=False)\\n  File \\\""apps/frappe/frappe/__init__.py\\\"", line 1370, in delete_doc\\n    return frappe.model.delete_doc.delete_doc(\\n           ^^^^^^^^^^^^^^^^^^^^^^^^^^^^^^^^^^^\\n  File \\\""apps/frappe/frappe/model/delete_doc.py\\\"", line 136, in delete_doc\\n    frappe.throw(\\n  File \\\""apps/frappe/frappe/__init__.py\\\"", line 609, in throw\\n    msgprint(\\n  File \\\""apps/frappe/frappe/__init__.py\\\"", line 574, in msgprint\\n    _raise_exception()\\n  File \\\""apps/frappe/frappe/__init__.py\\\"", line 525, in _raise_exception\\n    raise exc\\nfrappe.exceptions.LinkExistsError: You can disable this Item instead of deleting it.\\n\""]"",""_server_messages"":""[\""{\\\""message\\\"": \\\""Cannot delete or cancel because Item <a href=\\\\\\\""http://frontend:8080/app/item/SANSHRAY_FOODS_GROCERY_07132000_CHAWLI_LOOSE\\\\\\\"">SANSHRAY_FOODS_GROCERY_07132000_CHAWLI_LOOSE</a> is linked with Sales Order <a href=\\\\\\\""http://frontend:8080/app/sales-order/SAL-ORD-2026-00017\\\\\\\"">SAL-ORD-2026-00017</a> \\\"", \\\""title\\\"": \\\""Message\\\"", \\\""indicator\\\"": \\\""red\\\"", \\\""raise_exception\\\"": 1, \\\""__frappe_exc_id\\\"": \\\""c80213b140ca666e4242ff8d201993dbc643b4b73315b3a60f36cc50\\\""}\"", \""{\\\""message\\\"": \\\""You can disable this Item instead of deleting it.\\\"", \\\""title\\\"": \\\""Message\\\"", \\\""indicator\\\"": \\\""red\\\"", \\\""raise_exception\\\"": 1, \\\""__frappe_exc_id\\\"": \\\""4e940800de13f883ad7ea3c448f06ef66cdd3fa3ce9ef0954dade26c\\\""}\""]""}"
CHOTU MASOORI RICE,mixed-margin-delete-default-7,SANSHRAY_FOODS_RAW_MATERIAL_10063020_CHOTU_MASOORI_RICE,SANSHRAY_FOODS_GROCERY_10063020_CHOTU_MASOORI_RICE,blocked_by_history,7,4,1,0,"DELETE /api/resource/Item/SANSHRAY_FOODS_GROCERY_10063020_CHOTU_MASOORI_RICE failed: HTTP 417: {""exception"":""frappe.exceptions.LinkExistsError: You can disable this Item instead of deleting it."",""exc_type"":""LinkExistsError"",""exc"":""[\""Traceback (most recent call last):\\n  File \\\""apps/frappe/frappe/model/delete_doc.py\\\"", line 132, in delete_doc\\n    check_if_doc_is_linked(doc)\\n  File \\\""apps/frappe/frappe/model/delete_doc.py\\\"", line 319, in check_if_doc_is_linked\\n    raise_link_exists_exception(doc, linked_parent_doctype, reference_docname)\\n  File \\\""apps/frappe/frappe/model/delete_doc.py\\\"", line 384, in raise_link_exists_exception\\n    frappe.throw(\\n  File \\\""apps/frappe/frappe/__init__.py\\\"", line 609, in throw\\n    msgprint(\\n  File \\\""apps/frappe/frappe/__init__.py\\\"", line 574, in msgprint\\n    _raise_exception()\\n  File \\\""apps/frappe/frappe/__init__.py\\\"", line 525, in _raise_exception\\n    raise exc\\nfrappe.exceptions.LinkExistsError: Cannot delete or cancel because Item <a href=\\\""http://frontend:8080/app/item/SANSHRAY_FOODS_GROCERY_10063020_CHOTU_MASOORI_RICE\\\"">SANSHRAY_FOODS_GROCERY_10063020_CHOTU_MASOORI_RICE</a> is linked with Sales Order <a href=\\\""http://frontend:8080/app/sales-order/SAL-ORD-2026-00017\\\"">SAL-ORD-2026-00017</a> \\n\\nDuring handling of the above exception, another exception occurred:\\n\\nTraceback (most recent call last):\\n  File \\\""apps/frappe/frappe/app.py\\\"", line 120, in application\\n    response = frappe.api.handle(request)\\n               ^^^^^^^^^^^^^^^^^^^^^^^^^^\\n  File \\\""apps/frappe/frappe/api/__init__.py\\\"", line 52, in handle\\n    data = endpoint(**arguments)\\n           ^^^^^^^^^^^^^^^^^^^^^\\n  File \\\""apps/frappe/frappe/api/v1.py\\\"", line 68, in delete_doc\\n    frappe.delete_doc(doctype, name, ignore_missing=False)\\n  File \\\""apps/frappe/frappe/__init__.py\\\"", line 1370, in delete_doc\\n    return frappe.model.delete_doc.delete_doc(\\n           ^^^^^^^^^^^^^^^^^^^^^^^^^^^^^^^^^^^\\n  File \\\""apps/frappe/frappe/model/delete_doc.py\\\"", line 136, in delete_doc\\n    frappe.throw(\\n  File \\\""apps/frappe/frappe/__init__.py\\\"", line 609, in throw\\n    msgprint(\\n  File \\\""apps/frappe/frappe/__init__.py\\\"", line 574, in msgprint\\n    _raise_exception()\\n  File \\\""apps/frappe/frappe/__init__.py\\\"", line 525, in _raise_exception\\n    raise exc\\nfrappe.exceptions.LinkExistsError: You can disable this Item instead of deleting it.\\n\""]"",""_server_messages"":""[\""{\\\""message\\\"": \\\""Cannot delete or cancel because Item <a href=\\\\\\\""http://frontend:8080/app/item/SANSHRAY_FOODS_GROCERY_10063020_CHOTU_MASOORI_RICE\\\\\\\"">SANSHRAY_FOODS_GROCERY_10063020_CHOTU_MASOORI_RICE</a> is linked with Sales Order <a href=\\\\\\\""http://frontend:8080/app/sales-order/SAL-ORD-2026-00017\\\\\\\"">SAL-ORD-2026-00017</a> \\\"", \\\""title\\\"": \\\""Message\\\"", \\\""indicator\\\"": \\\""red\\\"", \\\""raise_exception\\\"": 1, \\\""__frappe_exc_id\\\"": \\\""42d8624d495eb07ec5c4e815cac23f886df08a08d35e8c975be9516b\\\""}\"", \""{\\\""message\\\"": \\\""You can disable this Item instead of deleting it.\\\"", \\\""title\\\"": \\\""Message\\\"", \\\""indicator\\\"": \\\""red\\\"", \\\""raise_exception\\\"": 1, \\\""__frappe_exc_id\\\"": \\\""8b96963baa657a01f8bd27dc7b8181ad4b9c1190812bd7e108250d42\\\""}\""]""}"
CORNFLOUR LOOSE,mixed-margin-delete-default-7,SANSHRAY_FOODS_RAW_MATERIAL_11081200_CORNFLOUR_LOOSE,SANSHRAY_FOODS_GROCERY_11081200_CORNFLOUR_LOOSE,failed,6,6,0,0,"DELETE /api/resource/Item/SANSHRAY_FOODS_GROCERY_11081200_CORNFLOUR_LOOSE failed: HTTP 404: {""exc_type"":""DoesNotExistError""} | disable failed: PUT /api/resource/Item/SANSHRAY_FOODS_GROCERY_11081200_CORNFLOUR_LOOSE failed: HTTP 404: {""exc_type"":""DoesNotExistError"",""_server_messages"":""[\""{\\\""message\\\"": \\\""Item SANSHRAY_FOODS_GROCERY_11081200_CORNFLOUR_LOOSE not found\\\"", \\\""title\\\"": \\\""Message\\\"", \\\""indicator\\\"": \\\""red\\\"", \\\""raise_exception\\\"": 1, \\\""__frappe_exc_id\\\"": \\\""71add63a6df8d54bec42f4f46cbb38c9b038278eb0c2d675fde5c82e\\\""}\""]""}"
DALDA (1LTR),mixed-margin-delete-default-7,SANSHRAY_FOODS_RAW_MATERIAL_15162091_DALDA_1LTR,SANSHRAY_FOODS_GROCERY_15162091_DALDA_1LTR,failed,6,6,0,0,"DELETE /api/resource/Item/SANSHRAY_FOODS_GROCERY_15162091_DALDA_1LTR failed: HTTP 404: {""exc_type"":""DoesNotExistError""} | disable failed: PUT /api/resource/Item/SANSHRAY_FOODS_GROCERY_15162091_DALDA_1LTR failed: HTTP 404: {""exc_type"":""DoesNotExistError"",""_server_messages"":""[\""{\\\""message\\\"": \\\""Item SANSHRAY_FOODS_GROCERY_15162091_DALDA_1LTR not found\\\"", \\\""title\\\"": \\\""Message\\\"", \\\""indicator\\\"": \\\""red\\\"", \\\""raise_exception\\\"": 1, \\\""__frappe_exc_id\\\"": \\\""d602c4c7f9f41c691d8ab27c8868494b11acc3656a43123a0a7c0ae0\\\""}\""]""}"
DHANA WHOLE (Coriander Seeds),mixed-margin-delete-default-7,SANSHRAY_FOODS_RAW_MATERIAL_09092190_DHANA_WHOLE_CORIANDER_SEEDS,SANSHRAY_FOODS_GROCERY_09092190_DHANA_WHOLE_CORIANDER_SEEDS,failed,6,5,0,0,"DELETE /api/resource/Item/SANSHRAY_FOODS_GROCERY_09092190_DHANA_WHOLE_CORIANDER_SEEDS failed: HTTP 404: {""exc_type"":""DoesNotExistError""} | disable failed: PUT /api/resource/Item/SANSHRAY_FOODS_GROCERY_09092190_DHANA_WHOLE_CORIANDER_SEEDS failed: HTTP 404: {""exc_type"":""DoesNotExistError"",""_server_messages"":""[\""{\\\""message\\\"": \\\""Item SANSHRAY_FOODS_GROCERY_09092190_DHANA_WHOLE_CORIANDER_SEEDS not found\\\"", \\\""title\\\"": \\\""Message\\\"", \\\""indicator\\\"": \\\""red\\\"", \\\""raise_exception\\\"": 1, \\\""__frappe_exc_id\\\"": \\\""75d6803c990090fbdd59552f7fcb648eb86fbf3e9a69d67b2ab42ebb\\\""}\""]""}"
ENO,mixed-margin-delete-default-7,SANSHRAY_FOODS_RAW_MATERIAL_30049011_ENO,SANSHRAY_FOODS_GROCERY_30049011_ENO,blocked_by_history,7,5,1,0,"DELETE /api/resource/Item/SANSHRAY_FOODS_GROCERY_30049011_ENO failed: HTTP 417: {""exception"":""frappe.exceptions.LinkExistsError: You can disable this Item instead of deleting it."",""exc_type"":""LinkExistsError"",""exc"":""[\""Traceback (most recent call last):\\n  File \\\""apps/frappe/frappe/model/delete_doc.py\\\"", line 132, in delete_doc\\n    check_if_doc_is_linked(doc)\\n  File \\\""apps/frappe/frappe/model/delete_doc.py\\\"", line 319, in check_if_doc_is_linked\\n    raise_link_exists_exception(doc, linked_parent_doctype, reference_docname)\\n  File \\\""apps/frappe/frappe/model/delete_doc.py\\\"", line 384, in raise_link_exists_exception\\n    frappe.throw(\\n  File \\\""apps/frappe/frappe/__init__.py\\\"", line 609, in throw\\n    msgprint(\\n  File \\\""apps/frappe/frappe/__init__.py\\\"", line 574, in msgprint\\n    _raise_exception()\\n  File \\\""apps/frappe/frappe/__init__.py\\\"", line 525, in _raise_exception\\n    raise exc\\nfrappe.exceptions.LinkExistsError: Cannot delete or cancel because Item <a href=\\\""http://frontend:8080/app/item/SANSHRAY_FOODS_GROCERY_30049011_ENO\\\"">SANSHRAY_FOODS_GROCERY_30049011_ENO</a> is linked with Sales Order <a href=\\\""http://frontend:8080/app/sales-order/SAL-ORD-2026-00017\\\"">SAL-ORD-2026-00017</a> \\n\\nDuring handling of the above exception, another exception occurred:\\n\\nTraceback (most recent call last):\\n  File \\\""apps/frappe/frappe/app.py\\\"", line 120, in application\\n    response = frappe.api.handle(request)\\n               ^^^^^^^^^^^^^^^^^^^^^^^^^^\\n  File \\\""apps/frappe/frappe/api/__init__.py\\\"", line 52, in handle\\n    data = endpoint(**arguments)\\n           ^^^^^^^^^^^^^^^^^^^^^\\n  File \\\""apps/frappe/frappe/api/v1.py\\\"", line 68, in delete_doc\\n    frappe.delete_doc(doctype, name, ignore_missing=False)\\n  File \\\""apps/frappe/frappe/__init__.py\\\"", line 1370, in delete_doc\\n    return frappe.model.delete_doc.delete_doc(\\n           ^^^^^^^^^^^^^^^^^^^^^^^^^^^^^^^^^^^\\n  File \\\""apps/frappe/frappe/model/delete_doc.py\\\"", line 136, in delete_doc\\n    frappe.throw(\\n  File \\\""apps/frappe/frappe/__init__.py\\\"", line 609, in throw\\n    msgprint(\\n  File \\\""apps/frappe/frappe/__init__.py\\\"", line 574, in msgprint\\n    _raise_exception()\\n  File \\\""apps/frappe/frappe/__init__.py\\\"", line 525, in _raise_exception\\n    raise exc\\nfrappe.exceptions.LinkExistsError: You can disable this Item instead of deleting it.\\n\""]"",""_server_messages"":""[\""{\\\""message\\\"": \\\""Cannot delete or cancel because Item <a href=\\\\\\\""http://frontend:8080/app/item/SANSHRAY_FOODS_GROCERY_30049011_ENO\\\\\\\"">SANSHRAY_FOODS_GROCERY_30049011_ENO</a> is linked with Sales Order <a href=\\\\\\\""http://frontend:8080/app/sales-order/SAL-ORD-2026-00017\\\\\\\"">SAL-ORD-2026-00017</a> \\\"", \\\""title\\\"": \\\""Message\\\"", \\\""indicator\\\"": \\\""red\\\"", \\\""raise_exception\\\"": 1, \\\""__frappe_exc_id\\\"": \\\""c5dae5b6dce208bd95e11ebeea78cb0c9b4833a5a5efa66d2e52b972\\\""}\"", \""{\\\""message\\\"": \\\""You can disable this Item instead of deleting it.\\\"", \\\""title\\\"": \\\""Message\\\"", \\\""indicator\\\"": \\\""red\\\"", \\\""raise_exception\\\"": 1, \\\""__frappe_exc_id\\\"": \\\""37f0b2b2f0e6a90de656475a2845ae755fad6eef07556285b2ad599e\\\""}\""]""}"
EVEREST KASHMIRI CHILLY POWDER,mixed-margin-delete-default-7,SANSHRAY_FOODS_RAW_MATERIAL_09109100_EVEREST_KASHMIRI_CHILLY_POWDER,SANSHRAY_FOODS_GROCERY_09109100_EVEREST_KASHMIRI_CHILLY_POWDER,failed,1,1,0,0,"DELETE /api/resource/Item/SANSHRAY_FOODS_GROCERY_09109100_EVEREST_KASHMIRI_CHILLY_POWDER failed: HTTP 404: {""exc_type"":""DoesNotExistError""} | disable failed: PUT /api/resource/Item/SANSHRAY_FOODS_GROCERY_09109100_EVEREST_KASHMIRI_CHILLY_POWDER failed: HTTP 404: {""exc_type"":""DoesNotExistError"",""_server_messages"":""[\""{\\\""message\\\"": \\\""Item SANSHRAY_FOODS_GROCERY_09109100_EVEREST_KASHMIRI_CHILLY_POWDER not found\\\"", \\\""title\\\"": \\\""Message\\\"", \\\""indicator\\\"": \\\""red\\\"", \\\""raise_exception\\\"": 1, \\\""__frappe_exc_id\\\"": \\\""5ff10244f9dea5d70cbc760237b671a24a78a429e3fc54fc170597c8\\\""}\""]""}"
FARSAN,mixed-margin-delete-default-7,SANSHRAY_FOODS_RAW_MATERIAL_21069099_FARSAN,SANSHRAY_FOODS_GROCERY_21069099_FARSAN,blocked_by_history,7,5,1,0,"DELETE /api/resource/Item/SANSHRAY_FOODS_GROCERY_21069099_FARSAN failed: HTTP 417: {""exception"":""frappe.exceptions.LinkExistsError: You can disable this Item instead of deleting it."",""exc_type"":""LinkExistsError"",""exc"":""[\""Traceback (most recent call last):\\n  File \\\""apps/frappe/frappe/model/delete_doc.py\\\"", line 132, in delete_doc\\n    check_if_doc_is_linked(doc)\\n  File \\\""apps/frappe/frappe/model/delete_doc.py\\\"", line 319, in check_if_doc_is_linked\\n    raise_link_exists_exception(doc, linked_parent_doctype, reference_docname)\\n  File \\\""apps/frappe/frappe/model/delete_doc.py\\\"", line 384, in raise_link_exists_exception\\n    frappe.throw(\\n  File \\\""apps/frappe/frappe/__init__.py\\\"", line 609, in throw\\n    msgprint(\\n  File \\\""apps/frappe/frappe/__init__.py\\\"", line 574, in msgprint\\n    _raise_exception()\\n  File \\\""apps/frappe/frappe/__init__.py\\\"", line 525, in _raise_exception\\n    raise exc\\nfrappe.exceptions.LinkExistsError: Cannot delete or cancel because Item <a href=\\\""http://frontend:8080/app/item/SANSHRAY_FOODS_GROCERY_21069099_FARSAN\\\"">SANSHRAY_FOODS_GROCERY_21069099_FARSAN</a> is linked with Sales Order <a href=\\\""http://frontend:8080/app/sales-order/SAL-ORD-2026-00017\\\"">SAL-ORD-2026-00017</a> \\n\\nDuring handling of the above exception, another exception occurred:\\n\\nTraceback (most recent call last):\\n  File \\\""apps/frappe/frappe/app.py\\\"", line 120, in application\\n    response = frappe.api.handle(request)\\n               ^^^^^^^^^^^^^^^^^^^^^^^^^^\\n  File \\\""apps/frappe/frappe/api/__init__.py\\\"", line 52, in handle\\n    data = endpoint(**arguments)\\n           ^^^^^^^^^^^^^^^^^^^^^\\n  File \\\""apps/frappe/frappe/api/v1.py\\\"", line 68, in delete_doc\\n    frappe.delete_doc(doctype, name, ignore_missing=False)\\n  File \\\""apps/frappe/frappe/__init__.py\\\"", line 1370, in delete_doc\\n    return frappe.model.delete_doc.delete_doc(\\n           ^^^^^^^^^^^^^^^^^^^^^^^^^^^^^^^^^^^\\n  File \\\""apps/frappe/frappe/model/delete_doc.py\\\"", line 136, in delete_doc\\n    frappe.throw(\\n  File \\\""apps/frappe/frappe/__init__.py\\\"", line 609, in throw\\n    msgprint(\\n  File \\\""apps/frappe/frappe/__init__.py\\\"", line 574, in msgprint\\n    _raise_exception()\\n  File \\\""apps/frappe/frappe/__init__.py\\\"", line 525, in _raise_exception\\n    raise exc\\nfrappe.exceptions.LinkExistsError: You can disable this Item instead of deleting it.\\n\""]"",""_server_messages"":""[\""{\\\""message\\\"": \\\""Cannot delete or cancel because Item <a href=\\\\\\\""http://frontend:8080/app/item/SANSHRAY_FOODS_GROCERY_21069099_FARSAN\\\\\\\"">SANSHRAY_FOODS_GROCERY_21069099_FARSAN</a> is linked with Sales Order <a href=\\\\\\\""http://frontend:8080/app/sales-order/SAL-ORD-2026-00017\\\\\\\"">SAL-ORD-2026-00017</a> \\\"", \\\""title\\\"": \\\""Message\\\"", \\\""indicator\\\"": \\\""red\\\"", \\\""raise_exception\\\"": 1, \\\""__frappe_exc_id\\\"": \\\""5258b1c39cb58065ecdd629fee0c9ab70ee4ce4b13d280aa61651650\\\""}\"", \""{\\\""message\\\"": \\\""You can disable this Item instead of deleting it.\\\"", \\\""title\\\"": \\\""Message\\\"", \\\""indicator\\\"": \\\""red\\\"", \\\""raise_exception\\\"": 1, \\\""__frappe_exc_id\\\"": \\\""aa848516b77f18989f89016e598220f31724b72ecf37a30b45b5ae3d\\\""}\""]""}"
GREEN MOONG LOOSE,mixed-margin-delete-default-7,SANSHRAY_FOODS_RAW_MATERIAL_07132000_GREEN_MOONG_LOOSE,SANSHRAY_FOODS_GROCERY_07132000_GREEN_MOONG_LOOSE,repointed_then_deleted,6,6,0,0,
GUD BLACK,mixed-margin-delete-default-7,SANSHRAY_FOODS_RAW_MATERIAL_17011310_GUD_BLACK,SANSHRAY_FOODS_GROCERY_17011310_GUD_BLACK,blocked_by_history,7,6,1,0,"DELETE /api/resource/Item/SANSHRAY_FOODS_GROCERY_17011310_GUD_BLACK failed: HTTP 417: {""exception"":""frappe.exceptions.LinkExistsError: You can disable this Item instead of deleting it."",""exc_type"":""LinkExistsError"",""exc"":""[\""Traceback (most recent call last):\\n  File \\\""apps/frappe/frappe/model/delete_doc.py\\\"", line 132, in delete_doc\\n    check_if_doc_is_linked(doc)\\n  File \\\""apps/frappe/frappe/model/delete_doc.py\\\"", line 319, in check_if_doc_is_linked\\n    raise_link_exists_exception(doc, linked_parent_doctype, reference_docname)\\n  File \\\""apps/frappe/frappe/model/delete_doc.py\\\"", line 384, in raise_link_exists_exception\\n    frappe.throw(\\n  File \\\""apps/frappe/frappe/__init__.py\\\"", line 609, in throw\\n    msgprint(\\n  File \\\""apps/frappe/frappe/__init__.py\\\"", line 574, in msgprint\\n    _raise_exception()\\n  File \\\""apps/frappe/frappe/__init__.py\\\"", line 525, in _raise_exception\\n    raise exc\\nfrappe.exceptions.LinkExistsError: Cannot delete or cancel because Item <a href=\\\""http://frontend:8080/app/item/SANSHRAY_FOODS_GROCERY_17011310_GUD_BLACK\\\"">SANSHRAY_FOODS_GROCERY_17011310_GUD_BLACK</a> is linked with Sales Order <a href=\\\""http://frontend:8080/app/sales-order/SAL-ORD-2026-00017\\\"">SAL-ORD-2026-00017</a> \\n\\nDuring handling of the above exception, another exception occurred:\\n\\nTraceback (most recent call last):\\n  File \\\""apps/frappe/frappe/app.py\\\"", line 120, in application\\n    response = frappe.api.handle(request)\\n               ^^^^^^^^^^^^^^^^^^^^^^^^^^\\n  File \\\""apps/frappe/frappe/api/__init__.py\\\"", line 52, in handle\\n    data = endpoint(**arguments)\\n           ^^^^^^^^^^^^^^^^^^^^^\\n  File \\\""apps/frappe/frappe/api/v1.py\\\"", line 68, in delete_doc\\n    frappe.delete_doc(doctype, name, ignore_missing=False)\\n  File \\\""apps/frappe/frappe/__init__.py\\\"", line 1370, in delete_doc\\n    return frappe.model.delete_doc.delete_doc(\\n           ^^^^^^^^^^^^^^^^^^^^^^^^^^^^^^^^^^^\\n  File \\\""apps/frappe/frappe/model/delete_doc.py\\\"", line 136, in delete_doc\\n    frappe.throw(\\n  File \\\""apps/frappe/frappe/__init__.py\\\"", line 609, in throw\\n    msgprint(\\n  File \\\""apps/frappe/frappe/__init__.py\\\"", line 574, in msgprint\\n    _raise_exception()\\n  File \\\""apps/frappe/frappe/__init__.py\\\"", line 525, in _raise_exception\\n    raise exc\\nfrappe.exceptions.LinkExistsError: You can disable this Item instead of deleting it.\\n\""]"",""_server_messages"":""[\""{\\\""message\\\"": \\\""Cannot delete or cancel because Item <a href=\\\\\\\""http://frontend:8080/app/item/SANSHRAY_FOODS_GROCERY_17011310_GUD_BLACK\\\\\\\"">SANSHRAY_FOODS_GROCERY_17011310_GUD_BLACK</a> is linked with Sales Order <a href=\\\\\\\""http://frontend:8080/app/sales-order/SAL-ORD-2026-00017\\\\\\\"">SAL-ORD-2026-00017</a> \\\"", \\\""title\\\"": \\\""Message\\\"", \\\""indicator\\\"": \\\""red\\\"", \\\""raise_exception\\\"": 1, \\\""__frappe_exc_id\\\"": \\\""a53af5d5c41711b7cb42726e200c96ead18ff93dde8eba3c7a2abe4b\\\""}\"", \""{\\\""message\\\"": \\\""You can disable this Item instead of deleting it.\\\"", \\\""title\\\"": \\\""Message\\\"", \\\""indicator\\\"": \\\""red\\\"", \\\""raise_exception\\\"": 1, \\\""__frappe_exc_id\\\"": \\\""720e7bb33eb14d3ac41c62e14a685b8d982f05e8f608f9916b0ef394\\\""}\""]""}"
HEAVEN HARVEST BASMATI RICE,mixed-margin-delete-default-7,SANSHRAY_FOODS_RAW_MATERIAL_10063010_HEAVEN_HARVEST_BASMATI_RICE,SANSHRAY_FOODS_GROCERY_10063010_HEAVEN_HARVEST_BASMATI_RICE,blocked_by_history,7,6,1,0,"DELETE /api/resource/Item/SANSHRAY_FOODS_GROCERY_10063010_HEAVEN_HARVEST_BASMATI_RICE failed: HTTP 417: {""exception"":""frappe.exceptions.LinkExistsError: You can disable this Item instead of deleting it."",""exc_type"":""LinkExistsError"",""exc"":""[\""Traceback (most recent call last):\\n  File \\\""apps/frappe/frappe/model/delete_doc.py\\\"", line 132, in delete_doc\\n    check_if_doc_is_linked(doc)\\n  File \\\""apps/frappe/frappe/model/delete_doc.py\\\"", line 319, in check_if_doc_is_linked\\n    raise_link_exists_exception(doc, linked_parent_doctype, reference_docname)\\n  File \\\""apps/frappe/frappe/model/delete_doc.py\\\"", line 384, in raise_link_exists_exception\\n    frappe.throw(\\n  File \\\""apps/frappe/frappe/__init__.py\\\"", line 609, in throw\\n    msgprint(\\n  File \\\""apps/frappe/frappe/__init__.py\\\"", line 574, in msgprint\\n    _raise_exception()\\n  File \\\""apps/frappe/frappe/__init__.py\\\"", line 525, in _raise_exception\\n    raise exc\\nfrappe.exceptions.LinkExistsError: Cannot delete or cancel because Item <a href=\\\""http://frontend:8080/app/item/SANSHRAY_FOODS_GROCERY_10063010_HEAVEN_HARVEST_BASMATI_RICE\\\"">SANSHRAY_FOODS_GROCERY_10063010_HEAVEN_HARVEST_BASMATI_RICE</a> is linked with Sales Order <a href=\\\""http://frontend:8080/app/sales-order/SAL-ORD-2026-00017\\\"">SAL-ORD-2026-00017</a> \\n\\nDuring handling of the above exception, another exception occurred:\\n\\nTraceback (most recent call last):\\n  File \\\""apps/frappe/frappe/app.py\\\"", line 120, in application\\n    response = frappe.api.handle(request)\\n               ^^^^^^^^^^^^^^^^^^^^^^^^^^\\n  File \\\""apps/frappe/frappe/api/__init__.py\\\"", line 52, in handle\\n    data = endpoint(**arguments)\\n           ^^^^^^^^^^^^^^^^^^^^^\\n  File \\\""apps/frappe/frappe/api/v1.py\\\"", line 68, in delete_doc\\n    frappe.delete_doc(doctype, name, ignore_missing=False)\\n  File \\\""apps/frappe/frappe/__init__.py\\\"", line 1370, in delete_doc\\n    return frappe.model.delete_doc.delete_doc(\\n           ^^^^^^^^^^^^^^^^^^^^^^^^^^^^^^^^^^^\\n  File \\\""apps/frappe/frappe/model/delete_doc.py\\\"", line 136, in delete_doc\\n    frappe.throw(\\n  File \\\""apps/frappe/frappe/__init__.py\\\"", line 609, in throw\\n    msgprint(\\n  File \\\""apps/frappe/frappe/__init__.py\\\"", line 574, in msgprint\\n    _raise_exception()\\n  File \\\""apps/frappe/frappe/__init__.py\\\"", line 525, in _raise_exception\\n    raise exc\\nfrappe.exceptions.LinkExistsError: You can disable this Item instead of deleting it.\\n\""]"",""_server_messages"":""[\""{\\\""message\\\"": \\\""Cannot delete or cancel because Item <a href=\\\\\\\""http://frontend:8080/app/item/SANSHRAY_FOODS_GROCERY_10063010_HEAVEN_HARVEST_BASMATI_RICE\\\\\\\"">SANSHRAY_FOODS_GROCERY_10063010_HEAVEN_HARVEST_BASMATI_RICE</a> is linked with Sales Order <a href=\\\\\\\""http://frontend:8080/app/sales-order/SAL-ORD-2026-00017\\\\\\\"">SAL-ORD-2026-00017</a> \\\"", \\\""title\\\"": \\\""Message\\\"", \\\""indicator\\\"": \\\""red\\\"", \\\""raise_exception\\\"": 1, \\\""__frappe_exc_id\\\"": \\\""f314a67c20a3bd9e6a791b04eb88a74f9203ae98cabd6ab3d4bcec4e\\\""}\"", \""{\\\""message\\\"": \\\""You can disable this Item instead of deleting it.\\\"", \\\""title\\\"": \\\""Message\\\"", \\\""indicator\\\"": \\\""red\\\"", \\\""raise_exception\\\"": 1, \\\""__frappe_exc_id\\\"": \\\""35e70ef791c6b512af46f0523dfeac3e6f1e7b37d47f43dfa7a45cf9\\\""}\""]""}"
IMLI,mixed-margin-delete-default-7,SANSHRAY_FOODS_RAW_MATERIAL_08109020_IMLI,SANSHRAY_FOODS_GROCERY_08109020_IMLI,blocked_by_history,7,5,1,0,"DELETE /api/resource/Item/SANSHRAY_FOODS_GROCERY_08109020_IMLI failed: HTTP 417: {""exception"":""frappe.exceptions.LinkExistsError: You can disable this Item instead of deleting it."",""exc_type"":""LinkExistsError"",""exc"":""[\""Traceback (most recent call last):\\n  File \\\""apps/frappe/frappe/model/delete_doc.py\\\"", line 132, in delete_doc\\n    check_if_doc_is_linked(doc)\\n  File \\\""apps/frappe/frappe/model/delete_doc.py\\\"", line 319, in check_if_doc_is_linked\\n    raise_link_exists_exception(doc, linked_parent_doctype, reference_docname)\\n  File \\\""apps/frappe/frappe/model/delete_doc.py\\\"", line 384, in raise_link_exists_exception\\n    frappe.throw(\\n  File \\\""apps/frappe/frappe/__init__.py\\\"", line 609, in throw\\n    msgprint(\\n  File \\\""apps/frappe/frappe/__init__.py\\\"", line 574, in msgprint\\n    _raise_exception()\\n  File \\\""apps/frappe/frappe/__init__.py\\\"", line 525, in _raise_exception\\n    raise exc\\nfrappe.exceptions.LinkExistsError: Cannot delete or cancel because Item <a href=\\\""http://frontend:8080/app/item/SANSHRAY_FOODS_GROCERY_08109020_IMLI\\\"">SANSHRAY_FOODS_GROCERY_08109020_IMLI</a> is linked with Sales Order <a href=\\\""http://frontend:8080/app/sales-order/SAL-ORD-2026-00017\\\"">SAL-ORD-2026-00017</a> \\n\\nDuring handling of the above exception, another exception occurred:\\n\\nTraceback (most recent call last):\\n  File \\\""apps/frappe/frappe/app.py\\\"", line 120, in application\\n    response = frappe.api.handle(request)\\n               ^^^^^^^^^^^^^^^^^^^^^^^^^^\\n  File \\\""apps/frappe/frappe/api/__init__.py\\\"", line 52, in handle\\n    data = endpoint(**arguments)\\n           ^^^^^^^^^^^^^^^^^^^^^\\n  File \\\""apps/frappe/frappe/api/v1.py\\\"", line 68, in delete_doc\\n    frappe.delete_doc(doctype, name, ignore_missing=False)\\n  File \\\""apps/frappe/frappe/__init__.py\\\"", line 1370, in delete_doc\\n    return frappe.model.delete_doc.delete_doc(\\n           ^^^^^^^^^^^^^^^^^^^^^^^^^^^^^^^^^^^\\n  File \\\""apps/frappe/frappe/model/delete_doc.py\\\"", line 136, in delete_doc\\n    frappe.throw(\\n  File \\\""apps/frappe/frappe/__init__.py\\\"", line 609, in throw\\n    msgprint(\\n  File \\\""apps/frappe/frappe/__init__.py\\\"", line 574, in msgprint\\n    _raise_exception()\\n  File \\\""apps/frappe/frappe/__init__.py\\\"", line 525, in _raise_exception\\n    raise exc\\nfrappe.exceptions.LinkExistsError: You can disable this Item instead of deleting it.\\n\""]"",""_server_messages"":""[\""{\\\""message\\\"": \\\""Cannot delete or cancel because Item <a href=\\\\\\\""http://frontend:8080/app/item/SANSHRAY_FOODS_GROCERY_08109020_IMLI\\\\\\\"">SANSHRAY_FOODS_GROCERY_08109020_IMLI</a> is linked with Sales Order <a href=\\\\\\\""http://frontend:8080/app/sales-order/SAL-ORD-2026-00017\\\\\\\"">SAL-ORD-2026-00017</a> \\\"", \\\""title\\\"": \\\""Message\\\"", \\\""indicator\\\"": \\\""red\\\"", \\\""raise_exception\\\"": 1, \\\""__frappe_exc_id\\\"": \\\""e7970ecd7c4cfea2ba6a3a2ee61abd516c255565108c345989c99739\\\""}\"", \""{\\\""message\\\"": \\\""You can disable this Item instead of deleting it.\\\"", \\\""title\\\"": \\\""Message\\\"", \\\""indicator\\\"": \\\""red\\\"", \\\""raise_exception\\\"": 1, \\\""__frappe_exc_id\\\"": \\\""b9f2654aa7b45617fef1f0204c6ba1e479a1113baca161e64dfdb955\\\""}\""]""}"
JEERA (CUMMIN SEEDS),all-7-keep-one,SANSHRAY_FOODS_GROCERY_09093129_JEERA_CUMMIN_SEEDS,SANSHRAY_FOODS_RAW_MATERIAL_09093129_JEERA_CUMMIN_SEEDS,failed,0,0,0,0,"DELETE /api/resource/Item/SANSHRAY_FOODS_RAW_MATERIAL_09093129_JEERA_CUMMIN_SEEDS failed: HTTP 404: {""exc_type"":""DoesNotExistError""} | disable failed: PUT /api/resource/Item/SANSHRAY_FOODS_RAW_MATERIAL_09093129_JEERA_CUMMIN_SEEDS failed: HTTP 404: {""exc_type"":""DoesNotExistError"",""_server_messages"":""[\""{\\\""message\\\"": \\\""Item SANSHRAY_FOODS_RAW_MATERIAL_09093129_JEERA_CUMMIN_SEEDS not found\\\"", \\\""title\\\"": \\\""Message\\\"", \\\""indicator\\\"": \\\""red\\\"", \\\""raise_exception\\\"": 1, \\\""__frappe_exc_id\\\"": \\\""98683c24ab2a46e4454f46088597227a34932978a4f16367f3fd1e8f\\\""}\""]""}"
KABULI CHANA LOOSE,mixed-margin-delete-default-7,SANSHRAY_FOODS_RAW_MATERIAL_07132000_KABULI_CHANA_LOOSE,SANSHRAY_FOODS_GROCERY_07132000_KABULI_CHANA_LOOSE,blocked_by_history,1,0,1,0,"DELETE /api/resource/Item/SANSHRAY_FOODS_GROCERY_07132000_KABULI_CHANA_LOOSE failed: HTTP 417: {""exception"":""frappe.exceptions.LinkExistsError: You can disable this Item instead of deleting it."",""exc_type"":""LinkExistsError"",""exc"":""[\""Traceback (most recent call last):\\n  File \\\""apps/frappe/frappe/model/delete_doc.py\\\"", line 132, in delete_doc\\n    check_if_doc_is_linked(doc)\\n  File \\\""apps/frappe/frappe/model/delete_doc.py\\\"", line 319, in check_if_doc_is_linked\\n    raise_link_exists_exception(doc, linked_parent_doctype, reference_docname)\\n  File \\\""apps/frappe/frappe/model/delete_doc.py\\\"", line 384, in raise_link_exists_exception\\n    frappe.throw(\\n  File \\\""apps/frappe/frappe/__init__.py\\\"", line 609, in throw\\n    msgprint(\\n  File \\\""apps/frappe/frappe/__init__.py\\\"", line 574, in msgprint\\n    _raise_exception()\\n  File \\\""apps/frappe/frappe/__init__.py\\\"", line 525, in _raise_exception\\n    raise exc\\nfrappe.exceptions.LinkExistsError: Cannot delete or cancel because Item <a href=\\\""http://frontend:8080/app/item/SANSHRAY_FOODS_GROCERY_07132000_KABULI_CHANA_LOOSE\\\"">SANSHRAY_FOODS_GROCERY_07132000_KABULI_CHANA_LOOSE</a> is linked with Sales Order <a href=\\\""http://frontend:8080/app/sales-order/SAL-ORD-2026-00017\\\"">SAL-ORD-2026-00017</a> \\n\\nDuring handling of the above exception, another exception occurred:\\n\\nTraceback (most recent call last):\\n  File \\\""apps/frappe/frappe/app.py\\\"", line 120, in application\\n    response = frappe.api.handle(request)\\n               ^^^^^^^^^^^^^^^^^^^^^^^^^^\\n  File \\\""apps/frappe/frappe/api/__init__.py\\\"", line 52, in handle\\n    data = endpoint(**arguments)\\n           ^^^^^^^^^^^^^^^^^^^^^\\n  File \\\""apps/frappe/frappe/api/v1.py\\\"", line 68, in delete_doc\\n    frappe.delete_doc(doctype, name, ignore_missing=False)\\n  File \\\""apps/frappe/frappe/__init__.py\\\"", line 1370, in delete_doc\\n    return frappe.model.delete_doc.delete_doc(\\n           ^^^^^^^^^^^^^^^^^^^^^^^^^^^^^^^^^^^\\n  File \\\""apps/frappe/frappe/model/delete_doc.py\\\"", line 136, in delete_doc\\n    frappe.throw(\\n  File \\\""apps/frappe/frappe/__init__.py\\\"", line 609, in throw\\n    msgprint(\\n  File \\\""apps/frappe/frappe/__init__.py\\\"", line 574, in msgprint\\n    _raise_exception()\\n  File \\\""apps/frappe/frappe/__init__.py\\\"", line 525, in _raise_exception\\n    raise exc\\nfrappe.exceptions.LinkExistsError: You can disable this Item instead of deleting it.\\n\""]"",""_server_messages"":""[\""{\\\""message\\\"": \\\""Cannot delete or cancel because Item <a href=\\\\\\\""http://frontend:8080/app/item/SANSHRAY_FOODS_GROCERY_07132000_KABULI_CHANA_LOOSE\\\\\\\"">SANSHRAY_FOODS_GROCERY_07132000_KABULI_CHANA_LOOSE</a> is linked with Sales Order <a href=\\\\\\\""http://frontend:8080/app/sales-order/SAL-ORD-2026-00017\\\\\\\"">SAL-ORD-2026-00017</a> \\\"", \\\""title\\\"": \\\""Message\\\"", \\\""indicator\\\"": \\\""red\\\"", \\\""raise_exception\\\"": 1, \\\""__frappe_exc_id\\\"": \\\""f28d0778e7838e959290fb286ff286c075846aff35e3eb83523adcce\\\""}\"", \""{\\\""message\\\"": \\\""You can disable this Item instead of deleting it.\\\"", \\\""title\\\"": \\\""Message\\\"", \\\""indicator\\\"": \\\""red\\\"", \\\""raise_exception\\\"": 1, \\\""__frappe_exc_id\\\"": \\\""d343c0cbaba7bb55472771d4fc12fcacd93122ca49148e6a06b71d72\\\""}\""]""}"
KAJU TUKDA,all-7-keep-one,SANSHRAY_FOODS_GROCERY_08013100_KAJU_TUKDA,SANSHRAY_FOODS_RAW_MATERIAL_08013100_KAJU_TUKDA,failed,0,0,0,0,"DELETE /api/resource/Item/SANSHRAY_FOODS_RAW_MATERIAL_08013100_KAJU_TUKDA failed: HTTP 404: {""exc_type"":""DoesNotExistError""} | disable failed: PUT /api/resource/Item/SANSHRAY_FOODS_RAW_MATERIAL_08013100_KAJU_TUKDA failed: HTTP 404: {""exc_type"":""DoesNotExistError"",""_server_messages"":""[\""{\\\""message\\\"": \\\""Item SANSHRAY_FOODS_RAW_MATERIAL_08013100_KAJU_TUKDA not found\\\"", \\\""title\\\"": \\\""Message\\\"", \\\""indicator\\\"": \\\""red\\\"", \\\""raise_exception\\\"": 1, \\\""__frappe_exc_id\\\"": \\\""4e12b85a46b77fa5316bd8e72b40a23a1d07924e0e7e274b30134d7a\\\""}\""]""}"
KAJUKANI BHARI,mixed-margin-delete-default-7,SANSHRAY_FOODS_RAW_MATERIAL_08013210_KAJUKANI_BHARI,SANSHRAY_FOODS_GROCERY_08013210_KAJUKANI_BHARI,blocked_by_history,7,5,1,0,"DELETE /api/resource/Item/SANSHRAY_FOODS_GROCERY_08013210_KAJUKANI_BHARI failed: HTTP 417: {""exception"":""frappe.exceptions.LinkExistsError: You can disable this Item instead of deleting it."",""exc_type"":""LinkExistsError"",""exc"":""[\""Traceback (most recent call last):\\n  File \\\""apps/frappe/frappe/model/delete_doc.py\\\"", line 132, in delete_doc\\n    check_if_doc_is_linked(doc)\\n  File \\\""apps/frappe/frappe/model/delete_doc.py\\\"", line 319, in check_if_doc_is_linked\\n    raise_link_exists_exception(doc, linked_parent_doctype, reference_docname)\\n  File \\\""apps/frappe/frappe/model/delete_doc.py\\\"", line 384, in raise_link_exists_exception\\n    frappe.throw(\\n  File \\\""apps/frappe/frappe/__init__.py\\\"", line 609, in throw\\n    msgprint(\\n  File \\\""apps/frappe/frappe/__init__.py\\\"", line 574, in msgprint\\n    _raise_exception()\\n  File \\\""apps/frappe/frappe/__init__.py\\\"", line 525, in _raise_exception\\n    raise exc\\nfrappe.exceptions.LinkExistsError: Cannot delete or cancel because Item <a href=\\\""http://frontend:8080/app/item/SANSHRAY_FOODS_GROCERY_08013210_KAJUKANI_BHARI\\\"">SANSHRAY_FOODS_GROCERY_08013210_KAJUKANI_BHARI</a> is linked with Sales Order <a href=\\\""http://frontend:8080/app/sales-order/SAL-ORD-2026-00017\\\"">SAL-ORD-2026-00017</a> \\n\\nDuring handling of the above exception, another exception occurred:\\n\\nTraceback (most recent call last):\\n  File \\\""apps/frappe/frappe/app.py\\\"", line 120, in application\\n    response = frappe.api.handle(request)\\n               ^^^^^^^^^^^^^^^^^^^^^^^^^^\\n  File \\\""apps/frappe/frappe/api/__init__.py\\\"", line 52, in handle\\n    data = endpoint(**arguments)\\n           ^^^^^^^^^^^^^^^^^^^^^\\n  File \\\""apps/frappe/frappe/api/v1.py\\\"", line 68, in delete_doc\\n    frappe.delete_doc(doctype, name, ignore_missing=False)\\n  File \\\""apps/frappe/frappe/__init__.py\\\"", line 1370, in delete_doc\\n    return frappe.model.delete_doc.delete_doc(\\n           ^^^^^^^^^^^^^^^^^^^^^^^^^^^^^^^^^^^\\n  File \\\""apps/frappe/frappe/model/delete_doc.py\\\"", line 136, in delete_doc\\n    frappe.throw(\\n  File \\\""apps/frappe/frappe/__init__.py\\\"", line 609, in throw\\n    msgprint(\\n  File \\\""apps/frappe/frappe/__init__.py\\\"", line 574, in msgprint\\n    _raise_exception()\\n  File \\\""apps/frappe/frappe/__init__.py\\\"", line 525, in _raise_exception\\n    raise exc\\nfrappe.exceptions.LinkExistsError: You can disable this Item instead of deleting it.\\n\""]"",""_server_messages"":""[\""{\\\""message\\\"": \\\""Cannot delete or cancel because Item <a href=\\\\\\\""http://frontend:8080/app/item/SANSHRAY_FOODS_GROCERY_08013210_KAJUKANI_BHARI\\\\\\\"">SANSHRAY_FOODS_GROCERY_08013210_KAJUKANI_BHARI</a> is linked with Sales Order <a href=\\\\\\\""http://frontend:8080/app/sales-order/SAL-ORD-2026-00017\\\\\\\"">SAL-ORD-2026-00017</a> \\\"", \\\""title\\\"": \\\""Message\\\"", \\\""indicator\\\"": \\\""red\\\"", \\\""raise_exception\\\"": 1, \\\""__frappe_exc_id\\\"": \\\""618ff861dce2be126952bf676258d19d5a5f8be7def749187672d612\\\""}\"", \""{\\\""message\\\"": \\\""You can disable this Item instead of deleting it.\\\"", \\\""title\\\"": \\\""Message\\\"", \\\""indicator\\\"": \\\""red\\\"", \\\""raise_exception\\\"": 1, \\\""__frappe_exc_id\\\"": \\\""95e69c1b35da7b807770980d75cc19f24ba02d0f1cba283e51e3138c\\\""}\""]""}"
KALINGAD MAGAJ (1KG),mixed-margin-delete-default-7,SANSHRAY_FOODS_RAW_MATERIAL_12077090_KALINGAD_MAGAJ_1KG,SANSHRAY_FOODS_GROCERY_12077090_KALINGAD_MAGAJ_1KG,blocked_by_history,7,4,1,0,"DELETE /api/resource/Item/SANSHRAY_FOODS_GROCERY_12077090_KALINGAD_MAGAJ_1KG failed: HTTP 417: {""exception"":""frappe.exceptions.LinkExistsError: You can disable this Item instead of deleting it."",""exc_type"":""LinkExistsError"",""exc"":""[\""Traceback (most recent call last):\\n  File \\\""apps/frappe/frappe/model/delete_doc.py\\\"", line 132, in delete_doc\\n    check_if_doc_is_linked(doc)\\n  File \\\""apps/frappe/frappe/model/delete_doc.py\\\"", line 319, in check_if_doc_is_linked\\n    raise_link_exists_exception(doc, linked_parent_doctype, reference_docname)\\n  File \\\""apps/frappe/frappe/model/delete_doc.py\\\"", line 384, in raise_link_exists_exception\\n    frappe.throw(\\n  File \\\""apps/frappe/frappe/__init__.py\\\"", line 609, in throw\\n    msgprint(\\n  File \\\""apps/frappe/frappe/__init__.py\\\"", line 574, in msgprint\\n    _raise_exception()\\n  File \\\""apps/frappe/frappe/__init__.py\\\"", line 525, in _raise_exception\\n    raise exc\\nfrappe.exceptions.LinkExistsError: Cannot delete or cancel because Item <a href=\\\""http://frontend:8080/app/item/SANSHRAY_FOODS_GROCERY_12077090_KALINGAD_MAGAJ_1KG\\\"">SANSHRAY_FOODS_GROCERY_12077090_KALINGAD_MAGAJ_1KG</a> is linked with Sales Order <a href=\\\""http://frontend:8080/app/sales-order/SAL-ORD-2026-00017\\\"">SAL-ORD-2026-00017</a> \\n\\nDuring handling of the above exception, another exception occurred:\\n\\nTraceback (most recent call last):\\n  File \\\""apps/frappe/frappe/app.py\\\"", line 120, in application\\n    response = frappe.api.handle(request)\\n               ^^^^^^^^^^^^^^^^^^^^^^^^^^\\n  File \\\""apps/frappe/frappe/api/__init__.py\\\"", line 52, in handle\\n    data = endpoint(**arguments)\\n           ^^^^^^^^^^^^^^^^^^^^^\\n  File \\\""apps/frappe/frappe/api/v1.py\\\"", line 68, in delete_doc\\n    frappe.delete_doc(doctype, name, ignore_missing=False)\\n  File \\\""apps/frappe/frappe/__init__.py\\\"", line 1370, in delete_doc\\n    return frappe.model.delete_doc.delete_doc(\\n           ^^^^^^^^^^^^^^^^^^^^^^^^^^^^^^^^^^^\\n  File \\\""apps/frappe/frappe/model/delete_doc.py\\\"", line 136, in delete_doc\\n    frappe.throw(\\n  File \\\""apps/frappe/frappe/__init__.py\\\"", line 609, in throw\\n    msgprint(\\n  File \\\""apps/frappe/frappe/__init__.py\\\"", line 574, in msgprint\\n    _raise_exception()\\n  File \\\""apps/frappe/frappe/__init__.py\\\"", line 525, in _raise_exception\\n    raise exc\\nfrappe.exceptions.LinkExistsError: You can disable this Item instead of deleting it.\\n\""]"",""_server_messages"":""[\""{\\\""message\\\"": \\\""Cannot delete or cancel because Item <a href=\\\\\\\""http://frontend:8080/app/item/SANSHRAY_FOODS_GROCERY_12077090_KALINGAD_MAGAJ_1KG\\\\\\\"">SANSHRAY_FOODS_GROCERY_12077090_KALINGAD_MAGAJ_1KG</a> is linked with Sales Order <a href=\\\\\\\""http://frontend:8080/app/sales-order/SAL-ORD-2026-00017\\\\\\\"">SAL-ORD-2026-00017</a> \\\"", \\\""title\\\"": \\\""Message\\\"", \\\""indicator\\\"": \\\""red\\\"", \\\""raise_exception\\\"": 1, \\\""__frappe_exc_id\\\"": \\\""c1e990b62a8ea70524e5b80b26e3ca129875efcd053808e3b77bc8dc\\\""}\"", \""{\\\""message\\\"": \\\""You can disable this Item instead of deleting it.\\\"", \\\""title\\\"": \\\""Message\\\"", \\\""indicator\\\"": \\\""red\\\"", \\\""raise_exception\\\"": 1, \\\""__frappe_exc_id\\\"": \\\""dc275fe884137e36c725375b7497d8237cbc1bc9636c503df1e39166\\\""}\""]""}"
KASHMIRI CHILLY WHOLE,mixed-margin-delete-default-7,SANSHRAY_FOODS_RAW_MATERIAL_09042110_KASHMIRI_CHILLY_WHOLE,SANSHRAY_FOODS_GROCERY_09042110_KASHMIRI_CHILLY_WHOLE,blocked_by_history,7,5,1,0,"DELETE /api/resource/Item/SANSHRAY_FOODS_GROCERY_09042110_KASHMIRI_CHILLY_WHOLE failed: HTTP 417: {""exception"":""frappe.exceptions.LinkExistsError: You can disable this Item instead of deleting it."",""exc_type"":""LinkExistsError"",""exc"":""[\""Traceback (most recent call last):\\n  File \\\""apps/frappe/frappe/model/delete_doc.py\\\"", line 132, in delete_doc\\n    check_if_doc_is_linked(doc)\\n  File \\\""apps/frappe/frappe/model/delete_doc.py\\\"", line 319, in check_if_doc_is_linked\\n    raise_link_exists_exception(doc, linked_parent_doctype, reference_docname)\\n  File \\\""apps/frappe/frappe/model/delete_doc.py\\\"", line 384, in raise_link_exists_exception\\n    frappe.throw(\\n  File \\\""apps/frappe/frappe/__init__.py\\\"", line 609, in throw\\n    msgprint(\\n  File \\\""apps/frappe/frappe/__init__.py\\\"", line 574, in msgprint\\n    _raise_exception()\\n  File \\\""apps/frappe/frappe/__init__.py\\\"", line 525, in _raise_exception\\n    raise exc\\nfrappe.exceptions.LinkExistsError: Cannot delete or cancel because Item <a href=\\\""http://frontend:8080/app/item/SANSHRAY_FOODS_GROCERY_09042110_KASHMIRI_CHILLY_WHOLE\\\"">SANSHRAY_FOODS_GROCERY_09042110_KASHMIRI_CHILLY_WHOLE</a> is linked with Sales Order <a href=\\\""http://frontend:8080/app/sales-order/SAL-ORD-2026-00017\\\"">SAL-ORD-2026-00017</a> \\n\\nDuring handling of the above exception, another exception occurred:\\n\\nTraceback (most recent call last):\\n  File \\\""apps/frappe/frappe/app.py\\\"", line 120, in application\\n    response = frappe.api.handle(request)\\n               ^^^^^^^^^^^^^^^^^^^^^^^^^^\\n  File \\\""apps/frappe/frappe/api/__init__.py\\\"", line 52, in handle\\n    data = endpoint(**arguments)\\n           ^^^^^^^^^^^^^^^^^^^^^\\n  File \\\""apps/frappe/frappe/api/v1.py\\\"", line 68, in delete_doc\\n    frappe.delete_doc(doctype, name, ignore_missing=False)\\n  File \\\""apps/frappe/frappe/__init__.py\\\"", line 1370, in delete_doc\\n    return frappe.model.delete_doc.delete_doc(\\n           ^^^^^^^^^^^^^^^^^^^^^^^^^^^^^^^^^^^\\n  File \\\""apps/frappe/frappe/model/delete_doc.py\\\"", line 136, in delete_doc\\n    frappe.throw(\\n  File \\\""apps/frappe/frappe/__init__.py\\\"", line 609, in throw\\n    msgprint(\\n  File \\\""apps/frappe/frappe/__init__.py\\\"", line 574, in msgprint\\n    _raise_exception()\\n  File \\\""apps/frappe/frappe/__init__.py\\\"", line 525, in _raise_exception\\n    raise exc\\nfrappe.exceptions.LinkExistsError: You can disable this Item instead of deleting it.\\n\""]"",""_server_messages"":""[\""{\\\""message\\\"": \\\""Cannot delete or cancel because Item <a href=\\\\\\\""http://frontend:8080/app/item/SANSHRAY_FOODS_GROCERY_09042110_KASHMIRI_CHILLY_WHOLE\\\\\\\"">SANSHRAY_FOODS_GROCERY_09042110_KASHMIRI_CHILLY_WHOLE</a> is linked with Sales Order <a href=\\\\\\\""http://frontend:8080/app/sales-order/SAL-ORD-2026-00017\\\\\\\"">SAL-ORD-2026-00017</a> \\\"", \\\""title\\\"": \\\""Message\\\"", \\\""indicator\\\"": \\\""red\\\"", \\\""raise_exception\\\"": 1, \\\""__frappe_exc_id\\\"": \\\""e2d73fc56eb5fe1a6ff46329596480e81e77091fdc0376c8c2c76366\\\""}\"", \""{\\\""message\\\"": \\\""You can disable this Item instead of deleting it.\\\"", \\\""title\\\"": \\\""Message\\\"", \\\""indicator\\\"": \\\""red\\\"", \\\""raise_exception\\\"": 1, \\\""__frappe_exc_id\\\"": \\\""097c173bc49d1466a3d00dbd7c009a57c26d1c87d114de5192c8ef27\\\""}\""]""}"
KHADHI SHAKAR RAVALGAON,mixed-margin-delete-default-7,SANSHRAY_FOODS_RAW_MATERIAL_08041020_KHADHI_SHAKAR_RAVALGAON,SANSHRAY_FOODS_GROCERY_08041020_KHADHI_SHAKAR_RAVALGAON,failed,6,5,0,0,"DELETE /api/resource/Item/SANSHRAY_FOODS_GROCERY_08041020_KHADHI_SHAKAR_RAVALGAON failed: HTTP 404: {""exc_type"":""DoesNotExistError""} | disable failed: PUT /api/resource/Item/SANSHRAY_FOODS_GROCERY_08041020_KHADHI_SHAKAR_RAVALGAON failed: HTTP 404: {""exc_type"":""DoesNotExistError"",""_server_messages"":""[\""{\\\""message\\\"": \\\""Item SANSHRAY_FOODS_GROCERY_08041020_KHADHI_SHAKAR_RAVALGAON not found\\\"", \\\""title\\\"": \\\""Message\\\"", \\\""indicator\\\"": \\\""red\\\"", \\\""raise_exception\\\"": 1, \\\""__frappe_exc_id\\\"": \\\""99d396ee1a7d60b9a6545052c8626422df921caf98a4ed3199a3dbde\\\""}\""]""}"
KHAJUR SEEDLESS,mixed-margin-delete-default-7,SANSHRAY_FOODS_RAW_MATERIAL_MANUAL_KHAJUR_SEEDLESS,SANSHRAY_FOODS_GROCERY_08041090_KHAJUR_SEEDLESS,failed,6,5,0,0,"DELETE /api/resource/Item/SANSHRAY_FOODS_GROCERY_08041090_KHAJUR_SEEDLESS failed: HTTP 404: {""exc_type"":""DoesNotExistError""} | disable failed: PUT /api/resource/Item/SANSHRAY_FOODS_GROCERY_08041090_KHAJUR_SEEDLESS failed: HTTP 404: {""exc_type"":""DoesNotExistError"",""_server_messages"":""[\""{\\\""message\\\"": \\\""Item SANSHRAY_FOODS_GROCERY_08041090_KHAJUR_SEEDLESS not found\\\"", \\\""title\\\"": \\\""Message\\\"", \\\""indicator\\\"": \\\""red\\\"", \\\""raise_exception\\\"": 1, \\\""__frappe_exc_id\\\"": \\\""aa3ef237c6af0901f70e4aa4b86ad8cb12be3de0baf3d1d6ebe1d305\\\""}\""]""}"
KHOBRA KHIS,mixed-margin-delete-default-7,SANSHRAY_FOODS_RAW_MATERIAL_08011100_KHOBRA_KHIS,SANSHRAY_FOODS_GROCERY_08011100_KHOBRA_KHIS,failed,6,6,0,0,"DELETE /api/resource/Item/SANSHRAY_FOODS_GROCERY_08011100_KHOBRA_KHIS failed: HTTP 404: {""exc_type"":""DoesNotExistError""} | disable failed: PUT /api/resource/Item/SANSHRAY_FOODS_GROCERY_08011100_KHOBRA_KHIS failed: HTTP 404: {""exc_type"":""DoesNotExistError"",""_server_messages"":""[\""{\\\""message\\\"": \\\""Item SANSHRAY_FOODS_GROCERY_08011100_KHOBRA_KHIS not found\\\"", \\\""title\\\"": \\\""Message\\\"", \\\""indicator\\\"": \\\""red\\\"", \\\""raise_exception\\\"": 1, \\\""__frappe_exc_id\\\"": \\\""f5cb0676a83f1b985f4561dba5279c6fec19e3b1bbf360d966a8ac1a\\\""}\""]""}"
KIRTIGOLD SUNFLOWER TIN (,mixed-margin-delete-default-7,SANSHRAY_FOODS_RAW_MATERIAL_15121910_KIRTIGOLD_SUNFLOWER_TIN,SANSHRAY_FOODS_GROCERY_15121910_KIRTIGOLD_SUNFLOWER_TIN,failed,2,2,0,0,"DELETE /api/resource/Item/SANSHRAY_FOODS_GROCERY_15121910_KIRTIGOLD_SUNFLOWER_TIN failed: HTTP 404: {""exc_type"":""DoesNotExistError""} | disable failed: PUT /api/resource/Item/SANSHRAY_FOODS_GROCERY_15121910_KIRTIGOLD_SUNFLOWER_TIN failed: HTTP 404: {""exc_type"":""DoesNotExistError"",""_server_messages"":""[\""{\\\""message\\\"": \\\""Item SANSHRAY_FOODS_GROCERY_15121910_KIRTIGOLD_SUNFLOWER_TIN not found\\\"", \\\""title\\\"": \\\""Message\\\"", \\\""indicator\\\"": \\\""red\\\"", \\\""raise_exception\\\"": 1, \\\""__frappe_exc_id\\\"": \\\""376f476e7cc5d5a275f1ac7f46ddc2d927c12ed5a6d76de9342066b4\\\""}\""]""}"
KOKAM SYRUP (1LTR),mixed-margin-delete-default-7,SANSHRAY_FOODS_RAW_MATERIAL_20089914_KOKAM_SYRUP_1LTR,SANSHRAY_FOODS_GROCERY_20089914_KOKAM_SYRUP_1LTR,failed,6,5,0,0,"DELETE /api/resource/Item/SANSHRAY_FOODS_GROCERY_20089914_KOKAM_SYRUP_1LTR failed: HTTP 404: {""exc_type"":""DoesNotExistError""} | disable failed: PUT /api/resource/Item/SANSHRAY_FOODS_GROCERY_20089914_KOKAM_SYRUP_1LTR failed: HTTP 404: {""exc_type"":""DoesNotExistError"",""_server_messages"":""[\""{\\\""message\\\"": \\\""Item SANSHRAY_FOODS_GROCERY_20089914_KOKAM_SYRUP_1LTR not found\\\"", \\\""title\\\"": \\\""Message\\\"", \\\""indicator\\\"": \\\""red\\\"", \\\""raise_exception\\\"": 1, \\\""__frappe_exc_id\\\"": \\\""587efce0a3a15dec9de7d997a2ecafb6865bca4de4f23319f5adf658\\\""}\""]""}"
LAVANG (CLOVE),mixed-margin-delete-default-7,SANSHRAY_FOODS_RAW_MATERIAL_09071010_LAVANG_CLOVE,SANSHRAY_FOODS_GROCERY_09071010_LAVANG_CLOVE,failed,6,5,0,0,"DELETE /api/resource/Item/SANSHRAY_FOODS_GROCERY_09071010_LAVANG_CLOVE failed: HTTP 404: {""exc_type"":""DoesNotExistError""} | disable failed: PUT /api/resource/Item/SANSHRAY_FOODS_GROCERY_09071010_LAVANG_CLOVE failed: HTTP 404: {""exc_type"":""DoesNotExistError"",""_server_messages"":""[\""{\\\""message\\\"": \\\""Item SANSHRAY_FOODS_GROCERY_09071010_LAVANG_CLOVE not found\\\"", \\\""title\\\"": \\\""Message\\\"", \\\""indicator\\\"": \\\""red\\\"", \\\""raise_exception\\\"": 1, \\\""__frappe_exc_id\\\"": \\\""216550c32c73db3ba9ac29373e48c9bdb2347fd70096477e6d65fa19\\\""}\""]""}"
LG HING (50GM),mixed-margin-delete-default-7,SANSHRAY_FOODS_RAW_MATERIAL_13019013_LG_HING_50GM,SANSHRAY_FOODS_GROCERY_13019013_LG_HING_50GM,blocked_by_history,7,5,1,0,"DELETE /api/resource/Item/SANSHRAY_FOODS_GROCERY_13019013_LG_HING_50GM failed: HTTP 417: {""exception"":""frappe.exceptions.LinkExistsError: You can disable this Item instead of deleting it."",""exc_type"":""LinkExistsError"",""exc"":""[\""Traceback (most recent call last):\\n  File \\\""apps/frappe/frappe/model/delete_doc.py\\\"", line 132, in delete_doc\\n    check_if_doc_is_linked(doc)\\n  File \\\""apps/frappe/frappe/model/delete_doc.py\\\"", line 319, in check_if_doc_is_linked\\n    raise_link_exists_exception(doc, linked_parent_doctype, reference_docname)\\n  File \\\""apps/frappe/frappe/model/delete_doc.py\\\"", line 384, in raise_link_exists_exception\\n    frappe.throw(\\n  File \\\""apps/frappe/frappe/__init__.py\\\"", line 609, in throw\\n    msgprint(\\n  File \\\""apps/frappe/frappe/__init__.py\\\"", line 574, in msgprint\\n    _raise_exception()\\n  File \\\""apps/frappe/frappe/__init__.py\\\"", line 525, in _raise_exception\\n    raise exc\\nfrappe.exceptions.LinkExistsError: Cannot delete or cancel because Item <a href=\\\""http://frontend:8080/app/item/SANSHRAY_FOODS_GROCERY_13019013_LG_HING_50GM\\\"">SANSHRAY_FOODS_GROCERY_13019013_LG_HING_50GM</a> is linked with Sales Order <a href=\\\""http://frontend:8080/app/sales-order/SAL-ORD-2026-00017\\\"">SAL-ORD-2026-00017</a> \\n\\nDuring handling of the above exception, another exception occurred:\\n\\nTraceback (most recent call last):\\n  File \\\""apps/frappe/frappe/app.py\\\"", line 120, in application\\n    response = frappe.api.handle(request)\\n               ^^^^^^^^^^^^^^^^^^^^^^^^^^\\n  File \\\""apps/frappe/frappe/api/__init__.py\\\"", line 52, in handle\\n    data = endpoint(**arguments)\\n           ^^^^^^^^^^^^^^^^^^^^^\\n  File \\\""apps/frappe/frappe/api/v1.py\\\"", line 68, in delete_doc\\n    frappe.delete_doc(doctype, name, ignore_missing=False)\\n  File \\\""apps/frappe/frappe/__init__.py\\\"", line 1370, in delete_doc\\n    return frappe.model.delete_doc.delete_doc(\\n           ^^^^^^^^^^^^^^^^^^^^^^^^^^^^^^^^^^^\\n  File \\\""apps/frappe/frappe/model/delete_doc.py\\\"", line 136, in delete_doc\\n    frappe.throw(\\n  File \\\""apps/frappe/frappe/__init__.py\\\"", line 609, in throw\\n    msgprint(\\n  File \\\""apps/frappe/frappe/__init__.py\\\"", line 574, in msgprint\\n    _raise_exception()\\n  File \\\""apps/frappe/frappe/__init__.py\\\"", line 525, in _raise_exception\\n    raise exc\\nfrappe.exceptions.LinkExistsError: You can disable this Item instead of deleting it.\\n\""]"",""_server_messages"":""[\""{\\\""message\\\"": \\\""Cannot delete or cancel because Item <a href=\\\\\\\""http://frontend:8080/app/item/SANSHRAY_FOODS_GROCERY_13019013_LG_HING_50GM\\\\\\\"">SANSHRAY_FOODS_GROCERY_13019013_LG_HING_50GM</a> is linked with Sales Order <a href=\\\\\\\""http://frontend:8080/app/sales-order/SAL-ORD-2026-00017\\\\\\\"">SAL-ORD-2026-00017</a> \\\"", \\\""title\\\"": \\\""Message\\\"", \\\""indicator\\\"": \\\""red\\\"", \\\""raise_exception\\\"": 1, \\\""__frappe_exc_id\\\"": \\\""5ad07d386479f92eecad6828ffdc21f6cbc15df5c4e38cb5f2df63fd\\\""}\"", \""{\\\""message\\\"": \\\""You can disable this Item instead of deleting it.\\\"", \\\""title\\\"": \\\""Message\\\"", \\\""indicator\\\"": \\\""red\\\"", \\\""raise_exception\\\"": 1, \\\""__frappe_exc_id\\\"": \\\""a71d41c2cde5fba4eb737c68292b98776e3836d3abd41135cc0513e5\\\""}\""]""}"
MANAMA LIME & MINT MOJITO,mixed-margin-delete-default-7,SANSHRAY_FOODS_RAW_MATERIAL_20089911_MANAMA_LIME_MINT_MOJITO,SANSHRAY_FOODS_GROCERY_20089911_MANAMA_LIME_MINT_MOJITO,failed,6,5,0,0,"DELETE /api/resource/Item/SANSHRAY_FOODS_GROCERY_20089911_MANAMA_LIME_MINT_MOJITO failed: HTTP 404: {""exc_type"":""DoesNotExistError""} | disable failed: PUT /api/resource/Item/SANSHRAY_FOODS_GROCERY_20089911_MANAMA_LIME_MINT_MOJITO failed: HTTP 404: {""exc_type"":""DoesNotExistError"",""_server_messages"":""[\""{\\\""message\\\"": \\\""Item SANSHRAY_FOODS_GROCERY_20089911_MANAMA_LIME_MINT_MOJITO not found\\\"", \\\""title\\\"": \\\""Message\\\"", \\\""indicator\\\"": \\\""red\\\"", \\\""raise_exception\\\"": 1, \\\""__frappe_exc_id\\\"": \\\""898c3aa6055b9e011f6a17d7e047ffa8f17d1ca455f85c944ee384df\\\""}\""]""}"
MANAMA ORANGE SYRUP,mixed-margin-delete-default-7,SANSHRAY_FOODS_RAW_MATERIAL_20089919_MANAMA_ORANGE_SYRUP,SANSHRAY_FOODS_GROCERY_20089911_MANAMA_ORANGE_SYRUP,failed,6,6,0,0,"DELETE /api/resource/Item/SANSHRAY_FOODS_GROCERY_20089911_MANAMA_ORANGE_SYRUP failed: HTTP 404: {""exc_type"":""DoesNotExistError""} | disable failed: PUT /api/resource/Item/SANSHRAY_FOODS_GROCERY_20089911_MANAMA_ORANGE_SYRUP failed: HTTP 404: {""exc_type"":""DoesNotExistError"",""_server_messages"":""[\""{\\\""message\\\"": \\\""Item SANSHRAY_FOODS_GROCERY_20089911_MANAMA_ORANGE_SYRUP not found\\\"", \\\""title\\\"": \\\""Message\\\"", \\\""indicator\\\"": \\\""red\\\"", \\\""raise_exception\\\"": 1, \\\""__frappe_exc_id\\\"": \\\""a2dcb2ef2269e93db9f4a74c20a309b8710dabc901a73dc67ba814c5\\\""}\""]""}"
MASALA ELAICHI,mixed-margin-delete-default-7,SANSHRAY_FOODS_RAW_MATERIAL_09083110_MASALA_ELAICHI,SANSHRAY_FOODS_GROCERY_09083110_MASALA_ELAICHI,failed,6,6,0,0,"DELETE /api/resource/Item/SANSHRAY_FOODS_GROCERY_09083110_MASALA_ELAICHI failed: HTTP 404: {""exc_type"":""DoesNotExistError""} | disable failed: PUT /api/resource/Item/SANSHRAY_FOODS_GROCERY_09083110_MASALA_ELAICHI failed: HTTP 404: {""exc_type"":""DoesNotExistError"",""_server_messages"":""[\""{\\\""message\\\"": \\\""Item SANSHRAY_FOODS_GROCERY_09083110_MASALA_ELAICHI not found\\\"", \\\""title\\\"": \\\""Message\\\"", \\\""indicator\\\"": \\\""red\\\"", \\\""raise_exception\\\"": 1, \\\""__frappe_exc_id\\\"": \\\""d89e71e236ff79ce8809295f91f50097981e3a97e613d4f160a22d60\\\""}\""]""}"
METHI SEEDS,mixed-margin-delete-default-7,SANSHRAY_FOODS_RAW_MATERIAL_09109912_METHI_SEEDS,SANSHRAY_FOODS_GROCERY_09109912_METHI_SEEDS,failed,6,5,0,0,"DELETE /api/resource/Item/SANSHRAY_FOODS_GROCERY_09109912_METHI_SEEDS failed: HTTP 404: {""exc_type"":""DoesNotExistError""} | disable failed: PUT /api/resource/Item/SANSHRAY_FOODS_GROCERY_09109912_METHI_SEEDS failed: HTTP 404: {""exc_type"":""DoesNotExistError"",""_server_messages"":""[\""{\\\""message\\\"": \\\""Item SANSHRAY_FOODS_GROCERY_09109912_METHI_SEEDS not found\\\"", \\\""title\\\"": \\\""Message\\\"", \\\""indicator\\\"": \\\""red\\\"", \\\""raise_exception\\\"": 1, \\\""__frappe_exc_id\\\"": \\\""562124cd77338294521d02f963cc515ad6c9c6c91fa1a37cef0d8fb3\\\""}\""]""}"
MOONG DAL LOOSE,mixed-margin-delete-default-7,SANSHRAY_FOODS_RAW_MATERIAL_07132000_MOONG_DAL_LOOSE,SANSHRAY_FOODS_GROCERY_07132000_MOONG_DAL_LOOSE,failed,6,3,1,0,"DELETE /api/resource/Item/SANSHRAY_FOODS_GROCERY_07132000_MOONG_DAL_LOOSE failed: HTTP 404: {""exc_type"":""DoesNotExistError""} | disable failed: PUT /api/resource/Item/SANSHRAY_FOODS_GROCERY_07132000_MOONG_DAL_LOOSE failed: HTTP 404: {""exc_type"":""DoesNotExistError"",""_server_messages"":""[\""{\\\""message\\\"": \\\""Item SANSHRAY_FOODS_GROCERY_07132000_MOONG_DAL_LOOSE not found\\\"", \\\""title\\\"": \\\""Message\\\"", \\\""indicator\\\"": \\\""red\\\"", \\\""raise_exception\\\"": 1, \\\""__frappe_exc_id\\\"": \\\""0163c63072c74d117f777aa97f9654363e074ddd01decb7ed300b618\\\""}\""]""}"
MOONGDAL CHILKA,mixed-margin-delete-default-7,SANSHRAY_FOODS_RAW_MATERIAL_07132000_MOONGDAL_CHILKA,SANSHRAY_FOODS_GROCERY_07132000_MOONGDAL_CHILKA,blocked_by_history,1,0,1,0,"DELETE /api/resource/Item/SANSHRAY_FOODS_GROCERY_07132000_MOONGDAL_CHILKA failed: HTTP 417: {""exception"":""frappe.exceptions.LinkExistsError: You can disable this Item instead of deleting it."",""exc_type"":""LinkExistsError"",""exc"":""[\""Traceback (most recent call last):\\n  File \\\""apps/frappe/frappe/model/delete_doc.py\\\"", line 132, in delete_doc\\n    check_if_doc_is_linked(doc)\\n  File \\\""apps/frappe/frappe/model/delete_doc.py\\\"", line 319, in check_if_doc_is_linked\\n    raise_link_exists_exception(doc, linked_parent_doctype, reference_docname)\\n  File \\\""apps/frappe/frappe/model/delete_doc.py\\\"", line 384, in raise_link_exists_exception\\n    frappe.throw(\\n  File \\\""apps/frappe/frappe/__init__.py\\\"", line 609, in throw\\n    msgprint(\\n  File \\\""apps/frappe/frappe/__init__.py\\\"", line 574, in msgprint\\n    _raise_exception()\\n  File \\\""apps/frappe/frappe/__init__.py\\\"", line 525, in _raise_exception\\n    raise exc\\nfrappe.exceptions.LinkExistsError: Cannot delete or cancel because Item <a href=\\\""http://frontend:8080/app/item/SANSHRAY_FOODS_GROCERY_07132000_MOONGDAL_CHILKA\\\"">SANSHRAY_FOODS_GROCERY_07132000_MOONGDAL_CHILKA</a> is linked with Sales Order <a href=\\\""http://frontend:8080/app/sales-order/SAL-ORD-2026-00017\\\"">SAL-ORD-2026-00017</a> \\n\\nDuring handling of the above exception, another exception occurred:\\n\\nTraceback (most recent call last):\\n  File \\\""apps/frappe/frappe/app.py\\\"", line 120, in application\\n    response = frappe.api.handle(request)\\n               ^^^^^^^^^^^^^^^^^^^^^^^^^^\\n  File \\\""apps/frappe/frappe/api/__init__.py\\\"", line 52, in handle\\n    data = endpoint(**arguments)\\n           ^^^^^^^^^^^^^^^^^^^^^\\n  File \\\""apps/frappe/frappe/api/v1.py\\\"", line 68, in delete_doc\\n    frappe.delete_doc(doctype, name, ignore_missing=False)\\n  File \\\""apps/frappe/frappe/__init__.py\\\"", line 1370, in delete_doc\\n    return frappe.model.delete_doc.delete_doc(\\n           ^^^^^^^^^^^^^^^^^^^^^^^^^^^^^^^^^^^\\n  File \\\""apps/frappe/frappe/model/delete_doc.py\\\"", line 136, in delete_doc\\n    frappe.throw(\\n  File \\\""apps/frappe/frappe/__init__.py\\\"", line 609, in throw\\n    msgprint(\\n  File \\\""apps/frappe/frappe/__init__.py\\\"", line 574, in msgprint\\n    _raise_exception()\\n  File \\\""apps/frappe/frappe/__init__.py\\\"", line 525, in _raise_exception\\n    raise exc\\nfrappe.exceptions.LinkExistsError: You can disable this Item instead of deleting it.\\n\""]"",""_server_messages"":""[\""{\\\""message\\\"": \\\""Cannot delete or cancel because Item <a href=\\\\\\\""http://frontend:8080/app/item/SANSHRAY_FOODS_GROCERY_07132000_MOONGDAL_CHILKA\\\\\\\"">SANSHRAY_FOODS_GROCERY_07132000_MOONGDAL_CHILKA</a> is linked with Sales Order <a href=\\\\\\\""http://frontend:8080/app/sales-order/SAL-ORD-2026-00017\\\\\\\"">SAL-ORD-2026-00017</a> \\\"", \\\""title\\\"": \\\""Message\\\"", \\\""indicator\\\"": \\\""red\\\"", \\\""raise_exception\\\"": 1, \\\""__frappe_exc_id\\\"": \\\""692c1aec3f27bdf745dfaa2b4c7275c469924afcd8eb31727a2a08b4\\\""}\"", \""{\\\""message\\\"": \\\""You can disable this Item instead of deleting it.\\\"", \\\""title\\\"": \\\""Message\\\"", \\\""indicator\\\"": \\\""red\\\"", \\\""raise_exception\\\"": 1, \\\""__frappe_exc_id\\\"": \\\""b6341e575d3af0ee2ad0e6f4ead41ad98d69ebae36efc8f73d250b80\\\""}\""]""}"
OVA AJWAIN,mixed-margin-delete-default-7,SANSHRAY_FOODS_RAW_MATERIAL_09109914_OVA_AJWAIN,SANSHRAY_FOODS_GROCERY_09109914_OVA_AJWAIN,failed,,,,,<urlopen error [Errno 60] Operation timed out>
RAJMA REGULAR LOOSE,mixed-margin-delete-default-7,SANSHRAY_FOODS_RAW_MATERIAL_07132000_RAJMA_REGULAR_LOOSE,SANSHRAY_FOODS_GROCERY_07132000_RAJMA_REGULAR_LOOSE,failed,0,0,0,0,"DELETE /api/resource/Item/SANSHRAY_FOODS_GROCERY_07132000_RAJMA_REGULAR_LOOSE failed: HTTP 404: {""exc_type"":""DoesNotExistError""} | disable failed: PUT /api/resource/Item/SANSHRAY_FOODS_GROCERY_07132000_RAJMA_REGULAR_LOOSE failed: HTTP 404: {""exc_type"":""DoesNotExistError"",""_server_messages"":""[\""{\\\""message\\\"": \\\""Item SANSHRAY_FOODS_GROCERY_07132000_RAJMA_REGULAR_LOOSE not found\\\"", \\\""title\\\"": \\\""Message\\\"", \\\""indicator\\\"": \\\""red\\\"", \\\""raise_exception\\\"": 1, \\\""__frappe_exc_id\\\"": \\\""c53f46fa29a83d7a6e43a8dd582015fe01c08c06d19be99610d9fcc9\\\""}\""]""}"
SAMOSA PAPAD NOBLE 1KG PACKING,mixed-margin-delete-default-7,SANSHRAY_FOODS_RAW_MATERIAL_19059030_SAMOSA_PAPAD_NOBLE_1KG_PACKING,SANSHRAY_FOODS_GROCERY_19059030_SAMOSA_PAPAD_NOBLE_1KG_PACKING,deleted,0,0,0,0,
SAMRAT ATTA LOOSE,mixed-margin-delete-default-7,SANSHRAY_FOODS_RAW_MATERIAL_11010000_SAMRAT_ATTA_LOOSE,SANSHRAY_FOODS_GROCERY_11010000_SAMRAT_ATTA_LOOSE,blocked_by_history,7,6,1,0,"DELETE /api/resource/Item/SANSHRAY_FOODS_GROCERY_11010000_SAMRAT_ATTA_LOOSE failed: HTTP 417: {""exception"":""frappe.exceptions.LinkExistsError: You can disable this Item instead of deleting it."",""exc_type"":""LinkExistsError"",""exc"":""[\""Traceback (most recent call last):\\n  File \\\""apps/frappe/frappe/model/delete_doc.py\\\"", line 132, in delete_doc\\n    check_if_doc_is_linked(doc)\\n  File \\\""apps/frappe/frappe/model/delete_doc.py\\\"", line 319, in check_if_doc_is_linked\\n    raise_link_exists_exception(doc, linked_parent_doctype, reference_docname)\\n  File \\\""apps/frappe/frappe/model/delete_doc.py\\\"", line 384, in raise_link_exists_exception\\n    frappe.throw(\\n  File \\\""apps/frappe/frappe/__init__.py\\\"", line 609, in throw\\n    msgprint(\\n  File \\\""apps/frappe/frappe/__init__.py\\\"", line 574, in msgprint\\n    _raise_exception()\\n  File \\\""apps/frappe/frappe/__init__.py\\\"", line 525, in _raise_exception\\n    raise exc\\nfrappe.exceptions.LinkExistsError: Cannot delete or cancel because Item <a href=\\\""http://frontend:8080/app/item/SANSHRAY_FOODS_GROCERY_11010000_SAMRAT_ATTA_LOOSE\\\"">SANSHRAY_FOODS_GROCERY_11010000_SAMRAT_ATTA_LOOSE</a> is linked with Sales Order <a href=\\\""http://frontend:8080/app/sales-order/SAL-ORD-2026-00017\\\"">SAL-ORD-2026-00017</a> \\n\\nDuring handling of the above exception, another exception occurred:\\n\\nTraceback (most recent call last):\\n  File \\\""apps/frappe/frappe/app.py\\\"", line 120, in application\\n    response = frappe.api.handle(request)\\n               ^^^^^^^^^^^^^^^^^^^^^^^^^^\\n  File \\\""apps/frappe/frappe/api/__init__.py\\\"", line 52, in handle\\n    data = endpoint(**arguments)\\n           ^^^^^^^^^^^^^^^^^^^^^\\n  File \\\""apps/frappe/frappe/api/v1.py\\\"", line 68, in delete_doc\\n    frappe.delete_doc(doctype, name, ignore_missing=False)\\n  File \\\""apps/frappe/frappe/__init__.py\\\"", line 1370, in delete_doc\\n    return frappe.model.delete_doc.delete_doc(\\n           ^^^^^^^^^^^^^^^^^^^^^^^^^^^^^^^^^^^\\n  File \\\""apps/frappe/frappe/model/delete_doc.py\\\"", line 136, in delete_doc\\n    frappe.throw(\\n  File \\\""apps/frappe/frappe/__init__.py\\\"", line 609, in throw\\n    msgprint(\\n  File \\\""apps/frappe/frappe/__init__.py\\\"", line 574, in msgprint\\n    _raise_exception()\\n  File \\\""apps/frappe/frappe/__init__.py\\\"", line 525, in _raise_exception\\n    raise exc\\nfrappe.exceptions.LinkExistsError: You can disable this Item instead of deleting it.\\n\""]"",""_server_messages"":""[\""{\\\""message\\\"": \\\""Cannot delete or cancel because Item <a href=\\\\\\\""http://frontend:8080/app/item/SANSHRAY_FOODS_GROCERY_11010000_SAMRAT_ATTA_LOOSE\\\\\\\"">SANSHRAY_FOODS_GROCERY_11010000_SAMRAT_ATTA_LOOSE</a> is linked with Sales Order <a href=\\\\\\\""http://frontend:8080/app/sales-order/SAL-ORD-2026-00017\\\\\\\"">SAL-ORD-2026-00017</a> \\\"", \\\""title\\\"": \\\""Message\\\"", \\\""indicator\\\"": \\\""red\\\"", \\\""raise_exception\\\"": 1, \\\""__frappe_exc_id\\\"": \\\""1beaad31c5bc7b87977fde482e2128298a067b48b8af51393250421b\\\""}\"", \""{\\\""message\\\"": \\\""You can disable this Item instead of deleting it.\\\"", \\\""title\\\"": \\\""Message\\\"", \\\""indicator\\\"": \\\""red\\\"", \\\""raise_exception\\\"": 1, \\\""__frappe_exc_id\\\"": \\\""fcb47336b8a78627c7c4e27d6f668b827dab23d4099b931ed3b83aa4\\\""}\""]""}"
SAMRAT MAIDA,mixed-margin-delete-default-7,SANSHRAY_FOODS_RAW_MATERIAL_11010000_SAMRAT_MAIDA,SANSHRAY_FOODS_GROCERY_11010000_SAMRAT_MAIDA,blocked_by_history,7,6,1,0,"DELETE /api/resource/Item/SANSHRAY_FOODS_GROCERY_11010000_SAMRAT_MAIDA failed: HTTP 417: {""exception"":""frappe.exceptions.LinkExistsError: You can disable this Item instead of deleting it."",""exc_type"":""LinkExistsError"",""exc"":""[\""Traceback (most recent call last):\\n  File \\\""apps/frappe/frappe/model/delete_doc.py\\\"", line 132, in delete_doc\\n    check_if_doc_is_linked(doc)\\n  File \\\""apps/frappe/frappe/model/delete_doc.py\\\"", line 319, in check_if_doc_is_linked\\n    raise_link_exists_exception(doc, linked_parent_doctype, reference_docname)\\n  File \\\""apps/frappe/frappe/model/delete_doc.py\\\"", line 384, in raise_link_exists_exception\\n    frappe.throw(\\n  File \\\""apps/frappe/frappe/__init__.py\\\"", line 609, in throw\\n    msgprint(\\n  File \\\""apps/frappe/frappe/__init__.py\\\"", line 574, in msgprint\\n    _raise_exception()\\n  File \\\""apps/frappe/frappe/__init__.py\\\"", line 525, in _raise_exception\\n    raise exc\\nfrappe.exceptions.LinkExistsError: Cannot delete or cancel because Item <a href=\\\""http://frontend:8080/app/item/SANSHRAY_FOODS_GROCERY_11010000_SAMRAT_MAIDA\\\"">SANSHRAY_FOODS_GROCERY_11010000_SAMRAT_MAIDA</a> is linked with Sales Order <a href=\\\""http://frontend:8080/app/sales-order/SAL-ORD-2026-00017\\\"">SAL-ORD-2026-00017</a> \\n\\nDuring handling of the above exception, another exception occurred:\\n\\nTraceback (most recent call last):\\n  File \\\""apps/frappe/frappe/app.py\\\"", line 120, in application\\n    response = frappe.api.handle(request)\\n               ^^^^^^^^^^^^^^^^^^^^^^^^^^\\n  File \\\""apps/frappe/frappe/api/__init__.py\\\"", line 52, in handle\\n    data = endpoint(**arguments)\\n           ^^^^^^^^^^^^^^^^^^^^^\\n  File \\\""apps/frappe/frappe/api/v1.py\\\"", line 68, in delete_doc\\n    frappe.delete_doc(doctype, name, ignore_missing=False)\\n  File \\\""apps/frappe/frappe/__init__.py\\\"", line 1370, in delete_doc\\n    return frappe.model.delete_doc.delete_doc(\\n           ^^^^^^^^^^^^^^^^^^^^^^^^^^^^^^^^^^^\\n  File \\\""apps/frappe/frappe/model/delete_doc.py\\\"", line 136, in delete_doc\\n    frappe.throw(\\n  File \\\""apps/frappe/frappe/__init__.py\\\"", line 609, in throw\\n    msgprint(\\n  File \\\""apps/frappe/frappe/__init__.py\\\"", line 574, in msgprint\\n    _raise_exception()\\n  File \\\""apps/frappe/frappe/__init__.py\\\"", line 525, in _raise_exception\\n    raise exc\\nfrappe.exceptions.LinkExistsError: You can disable this Item instead of deleting it.\\n\""]"",""_server_messages"":""[\""{\\\""message\\\"": \\\""Cannot delete or cancel because Item <a href=\\\\\\\""http://frontend:8080/app/item/SANSHRAY_FOODS_GROCERY_11010000_SAMRAT_MAIDA\\\\\\\"">SANSHRAY_FOODS_GROCERY_11010000_SAMRAT_MAIDA</a> is linked with Sales Order <a href=\\\\\\\""http://frontend:8080/app/sales-order/SAL-ORD-2026-00017\\\\\\\"">SAL-ORD-2026-00017</a> \\\"", \\\""title\\\"": \\\""Message\\\"", \\\""indicator\\\"": \\\""red\\\"", \\\""raise_exception\\\"": 1, \\\""__frappe_exc_id\\\"": \\\""3d454b758bd8d3d00b9124c19b51e4fe5b4d6f1e530dd952a0a99f50\\\""}\"", \""{\\\""message\\\"": \\\""You can disable this Item instead of deleting it.\\\"", \\\""title\\\"": \\\""Message\\\"", \\\""indicator\\\"": \\\""red\\\"", \\\""raise_exception\\\"": 1, \\\""__frappe_exc_id\\\"": \\\""401c376d7fb02ee4679880b02b0c9f6636838e437859ce1530386196\\\""}\""]""}"
SUGAR,mixed-margin-delete-default-7,SANSHRAY_FOODS_RAW_MATERIAL_17011490_SUGAR,SANSHRAY_FOODS_GROCERY_17011490_SUGAR,blocked_by_history,3,1,1,0,"DELETE /api/resource/Item/SANSHRAY_FOODS_GROCERY_17011490_SUGAR failed: HTTP 417: {""exception"":""frappe.exceptions.LinkExistsError: You can disable this Item instead of deleting it."",""exc_type"":""LinkExistsError"",""exc"":""[\""Traceback (most recent call last):\\n  File \\\""apps/frappe/frappe/model/delete_doc.py\\\"", line 132, in delete_doc\\n    check_if_doc_is_linked(doc)\\n  File \\\""apps/frappe/frappe/model/delete_doc.py\\\"", line 319, in check_if_doc_is_linked\\n    raise_link_exists_exception(doc, linked_parent_doctype, reference_docname)\\n  File \\\""apps/frappe/frappe/model/delete_doc.py\\\"", line 384, in raise_link_exists_exception\\n    frappe.throw(\\n  File \\\""apps/frappe/frappe/__init__.py\\\"", line 609, in throw\\n    msgprint(\\n  File \\\""apps/frappe/frappe/__init__.py\\\"", line 574, in msgprint\\n    _raise_exception()\\n  File \\\""apps/frappe/frappe/__init__.py\\\"", line 525, in _raise_exception\\n    raise exc\\nfrappe.exceptions.LinkExistsError: Cannot delete or cancel because Item <a href=\\\""http://frontend:8080/app/item/SANSHRAY_FOODS_GROCERY_17011490_SUGAR\\\"">SANSHRAY_FOODS_GROCERY_17011490_SUGAR</a> is linked with Sales Order <a href=\\\""http://frontend:8080/app/sales-order/SAL-ORD-2026-00017\\\"">SAL-ORD-2026-00017</a> \\n\\nDuring handling of the above exception, another exception occurred:\\n\\nTraceback (most recent call last):\\n  File \\\""apps/frappe/frappe/app.py\\\"", line 120, in application\\n    response = frappe.api.handle(request)\\n               ^^^^^^^^^^^^^^^^^^^^^^^^^^\\n  File \\\""apps/frappe/frappe/api/__init__.py\\\"", line 52, in handle\\n    data = endpoint(**arguments)\\n           ^^^^^^^^^^^^^^^^^^^^^\\n  File \\\""apps/frappe/frappe/api/v1.py\\\"", line 68, in delete_doc\\n    frappe.delete_doc(doctype, name, ignore_missing=False)\\n  File \\\""apps/frappe/frappe/__init__.py\\\"", line 1370, in delete_doc\\n    return frappe.model.delete_doc.delete_doc(\\n           ^^^^^^^^^^^^^^^^^^^^^^^^^^^^^^^^^^^\\n  File \\\""apps/frappe/frappe/model/delete_doc.py\\\"", line 136, in delete_doc\\n    frappe.throw(\\n  File \\\""apps/frappe/frappe/__init__.py\\\"", line 609, in throw\\n    msgprint(\\n  File \\\""apps/frappe/frappe/__init__.py\\\"", line 574, in msgprint\\n    _raise_exception()\\n  File \\\""apps/frappe/frappe/__init__.py\\\"", line 525, in _raise_exception\\n    raise exc\\nfrappe.exceptions.LinkExistsError: You can disable this Item instead of deleting it.\\n\""]"",""_server_messages"":""[\""{\\\""message\\\"": \\\""Cannot delete or cancel because Item <a href=\\\\\\\""http://frontend:8080/app/item/SANSHRAY_FOODS_GROCERY_17011490_SUGAR\\\\\\\"">SANSHRAY_FOODS_GROCERY_17011490_SUGAR</a> is linked with Sales Order <a href=\\\\\\\""http://frontend:8080/app/sales-order/SAL-ORD-2026-00017\\\\\\\"">SAL-ORD-2026-00017</a> \\\"", \\\""title\\\"": \\\""Message\\\"", \\\""indicator\\\"": \\\""red\\\"", \\\""raise_exception\\\"": 1, \\\""__frappe_exc_id\\\"": \\\""e275d1f6f9e3efd084c43160aca98ff7f8fda85800c46932470e1068\\\""}\"", \""{\\\""message\\\"": \\\""You can disable this Item instead of deleting it.\\\"", \\\""title\\\"": \\\""Message\\\"", \\\""indicator\\\"": \\\""red\\\"", \\\""raise_exception\\\"": 1, \\\""__frappe_exc_id\\\"": \\\""ff357e0c6f8230c42de6aa21b22e667c319b94fe7d077db960d8fb7a\\\""}\""]""}"
SUJI RAVA,mixed-margin-delete-default-7,SANSHRAY_FOODS_RAW_MATERIAL_11010000_SUJI_RAVA,SANSHRAY_FOODS_GROCERY_11010000_SUJI_RAVA,blocked_by_history,7,1,2,0,"DELETE /api/resource/Item/SANSHRAY_FOODS_GROCERY_11010000_SUJI_RAVA failed: HTTP 417: {""exception"":""frappe.exceptions.LinkExistsError: You can disable this Item instead of deleting it."",""exc_type"":""LinkExistsError"",""exc"":""[\""Traceback (most recent call last):\\n  File \\\""apps/frappe/frappe/model/delete_doc.py\\\"", line 132, in delete_doc\\n    check_if_doc_is_linked(doc)\\n  File \\\""apps/frappe/frappe/model/delete_doc.py\\\"", line 319, in check_if_doc_is_linked\\n    raise_link_exists_exception(doc, linked_parent_doctype, reference_docname)\\n  File \\\""apps/frappe/frappe/model/delete_doc.py\\\"", line 384, in raise_link_exists_exception\\n    frappe.throw(\\n  File \\\""apps/frappe/frappe/__init__.py\\\"", line 609, in throw\\n    msgprint(\\n  File \\\""apps/frappe/frappe/__init__.py\\\"", line 574, in msgprint\\n    _raise_exception()\\n  File \\\""apps/frappe/frappe/__init__.py\\\"", line 525, in _raise_exception\\n    raise exc\\nfrappe.exceptions.LinkExistsError: Cannot delete or cancel because Item <a href=\\\""http://frontend:8080/app/item/SANSHRAY_FOODS_GROCERY_11010000_SUJI_RAVA\\\"">SANSHRAY_FOODS_GROCERY_11010000_SUJI_RAVA</a> is linked with Purchase Order <a href=\\\""http://frontend:8080/app/purchase-order/PUR-ORD-2026-00001\\\"">PUR-ORD-2026-00001</a> \\n\\nDuring handling of the above exception, another exception occurred:\\n\\nTraceback (most recent call last):\\n  File \\\""apps/frappe/frappe/app.py\\\"", line 120, in application\\n    response = frappe.api.handle(request)\\n               ^^^^^^^^^^^^^^^^^^^^^^^^^^\\n  File \\\""apps/frappe/frappe/api/__init__.py\\\"", line 52, in handle\\n    data = endpoint(**arguments)\\n           ^^^^^^^^^^^^^^^^^^^^^\\n  File \\\""apps/frappe/frappe/api/v1.py\\\"", line 68, in delete_doc\\n    frappe.delete_doc(doctype, name, ignore_missing=False)\\n  File \\\""apps/frappe/frappe/__init__.py\\\"", line 1370, in delete_doc\\n    return frappe.model.delete_doc.delete_doc(\\n           ^^^^^^^^^^^^^^^^^^^^^^^^^^^^^^^^^^^\\n  File \\\""apps/frappe/frappe/model/delete_doc.py\\\"", line 136, in delete_doc\\n    frappe.throw(\\n  File \\\""apps/frappe/frappe/__init__.py\\\"", line 609, in throw\\n    msgprint(\\n  File \\\""apps/frappe/frappe/__init__.py\\\"", line 574, in msgprint\\n    _raise_exception()\\n  File \\\""apps/frappe/frappe/__init__.py\\\"", line 525, in _raise_exception\\n    raise exc\\nfrappe.exceptions.LinkExistsError: You can disable this Item instead of deleting it.\\n\""]"",""_server_messages"":""[\""{\\\""message\\\"": \\\""Cannot delete or cancel because Item <a href=\\\\\\\""http://frontend:8080/app/item/SANSHRAY_FOODS_GROCERY_11010000_SUJI_RAVA\\\\\\\"">SANSHRAY_FOODS_GROCERY_11010000_SUJI_RAVA</a> is linked with Purchase Order <a href=\\\\\\\""http://frontend:8080/app/purchase-order/PUR-ORD-2026-00001\\\\\\\"">PUR-ORD-2026-00001</a> \\\"", \\\""title\\\"": \\\""Message\\\"", \\\""indicator\\\"": \\\""red\\\"", \\\""raise_exception\\\"": 1, \\\""__frappe_exc_id\\\"": \\\""27f70a984e225e228a23918570d9721b98ff89d3ac0832c6dc4bcc88\\\""}\"", \""{\\\""message\\\"": \\\""You can disable this Item instead of deleting it.\\\"", \\\""title\\\"": \\\""Message\\\"", \\\""indicator\\\"": \\\""red\\\"", \\\""raise_exception\\\"": 1, \\\""__frappe_exc_id\\\"": \\\""2dc6adf63404b69ad3295f5d8b6bca24dde7bb77371d1de6f002a41e\\\""}\""]""}"
TATA SALT 1KG,mixed-margin-delete-default-7,SANSHRAY_FOODS_RAW_MATERIAL_28276090_TATA_SALT_1KG,SANSHRAY_FOODS_GROCERY_28276090_TATA_SALT_1KG,blocked_by_history,3,0,3,0,"DELETE /api/resource/Item/SANSHRAY_FOODS_GROCERY_28276090_TATA_SALT_1KG failed: HTTP 417: {""exception"":""frappe.exceptions.LinkExistsError: You can disable this Item instead of deleting it."",""exc_type"":""LinkExistsError"",""exc"":""[\""Traceback (most recent call last):\\n  File \\\""apps/frappe/frappe/model/delete_doc.py\\\"", line 132, in delete_doc\\n    check_if_doc_is_linked(doc)\\n  File \\\""apps/frappe/frappe/model/delete_doc.py\\\"", line 319, in check_if_doc_is_linked\\n    raise_link_exists_exception(doc, linked_parent_doctype, reference_docname)\\n  File \\\""apps/frappe/frappe/model/delete_doc.py\\\"", line 384, in raise_link_exists_exception\\n    frappe.throw(\\n  File \\\""apps/frappe/frappe/__init__.py\\\"", line 609, in throw\\n    msgprint(\\n  File \\\""apps/frappe/frappe/__init__.py\\\"", line 574, in msgprint\\n    _raise_exception()\\n  File \\\""apps/frappe/frappe/__init__.py\\\"", line 525, in _raise_exception\\n    raise exc\\nfrappe.exceptions.LinkExistsError: Cannot delete or cancel because Item <a href=\\\""http://frontend:8080/app/item/SANSHRAY_FOODS_GROCERY_28276090_TATA_SALT_1KG\\\"">SANSHRAY_FOODS_GROCERY_28276090_TATA_SALT_1KG</a> is linked with Purchase Order <a href=\\\""http://frontend:8080/app/purchase-order/PUR-ORD-2026-00001\\\"">PUR-ORD-2026-00001</a> \\n\\nDuring handling of the above exception, another exception occurred:\\n\\nTraceback (most recent call last):\\n  File \\\""apps/frappe/frappe/app.py\\\"", line 120, in application\\n    response = frappe.api.handle(request)\\n               ^^^^^^^^^^^^^^^^^^^^^^^^^^\\n  File \\\""apps/frappe/frappe/api/__init__.py\\\"", line 52, in handle\\n    data = endpoint(**arguments)\\n           ^^^^^^^^^^^^^^^^^^^^^\\n  File \\\""apps/frappe/frappe/api/v1.py\\\"", line 68, in delete_doc\\n    frappe.delete_doc(doctype, name, ignore_missing=False)\\n  File \\\""apps/frappe/frappe/__init__.py\\\"", line 1370, in delete_doc\\n    return frappe.model.delete_doc.delete_doc(\\n           ^^^^^^^^^^^^^^^^^^^^^^^^^^^^^^^^^^^\\n  File \\\""apps/frappe/frappe/model/delete_doc.py\\\"", line 136, in delete_doc\\n    frappe.throw(\\n  File \\\""apps/frappe/frappe/__init__.py\\\"", line 609, in throw\\n    msgprint(\\n  File \\\""apps/frappe/frappe/__init__.py\\\"", line 574, in msgprint\\n    _raise_exception()\\n  File \\\""apps/frappe/frappe/__init__.py\\\"", line 525, in _raise_exception\\n    raise exc\\nfrappe.exceptions.LinkExistsError: You can disable this Item instead of deleting it.\\n\""]"",""_server_messages"":""[\""{\\\""message\\\"": \\\""Cannot delete or cancel because Item <a href=\\\\\\\""http://frontend:8080/app/item/SANSHRAY_FOODS_GROCERY_28276090_TATA_SALT_1KG\\\\\\\"">SANSHRAY_FOODS_GROCERY_28276090_TATA_SALT_1KG</a> is linked with Purchase Order <a href=\\\\\\\""http://frontend:8080/app/purchase-order/PUR-ORD-2026-00001\\\\\\\"">PUR-ORD-2026-00001</a> \\\"", \\\""title\\\"": \\\""Message\\\"", \\\""indicator\\\"": \\\""red\\\"", \\\""raise_exception\\\"": 1, \\\""__frappe_exc_id\\\"": \\\""760f345eef7f92858913c53ecd081d9a7993af8e3b9427f186d4ebd1\\\""}\"", \""{\\\""message\\\"": \\\""You can disable this Item instead of deleting it.\\\"", \\\""title\\\"": \\\""Message\\\"", \\\""indicator\\\"": \\\""red\\\"", \\\""raise_exception\\\"": 1, \\\""__frappe_exc_id\\\"": \\\""a3acaf562e61beef69770c09f52d5ffb33f9e43e69d7221184ac8aac\\\""}\""]""}"
TOORDAL PRESIDENT LOOSE,mixed-margin-delete-default-7,SANSHRAY_FOODS_RAW_MATERIAL_07136000_TOORDAL_PRESIDENT_LOOSE,SANSHRAY_FOODS_GROCERY_07136000_TOORDAL_PRESIDENT_LOOSE,blocked_by_history,3,0,3,0,"DELETE /api/resource/Item/SANSHRAY_FOODS_GROCERY_07136000_TOORDAL_PRESIDENT_LOOSE failed: HTTP 417: {""exception"":""frappe.exceptions.LinkExistsError: You can disable this Item instead of deleting it."",""exc_type"":""LinkExistsError"",""exc"":""[\""Traceback (most recent call last):\\n  File \\\""apps/frappe/frappe/model/delete_doc.py\\\"", line 132, in delete_doc\\n    check_if_doc_is_linked(doc)\\n  File \\\""apps/frappe/frappe/model/delete_doc.py\\\"", line 319, in check_if_doc_is_linked\\n    raise_link_exists_exception(doc, linked_parent_doctype, reference_docname)\\n  File \\\""apps/frappe/frappe/model/delete_doc.py\\\"", line 384, in raise_link_exists_exception\\n    frappe.throw(\\n  File \\\""apps/frappe/frappe/__init__.py\\\"", line 609, in throw\\n    msgprint(\\n  File \\\""apps/frappe/frappe/__init__.py\\\"", line 574, in msgprint\\n    _raise_exception()\\n  File \\\""apps/frappe/frappe/__init__.py\\\"", line 525, in _raise_exception\\n    raise exc\\nfrappe.exceptions.LinkExistsError: Cannot delete or cancel because Item <a href=\\\""http://frontend:8080/app/item/SANSHRAY_FOODS_GROCERY_07136000_TOORDAL_PRESIDENT_LOOSE\\\"">SANSHRAY_FOODS_GROCERY_07136000_TOORDAL_PRESIDENT_LOOSE</a> is linked with Purchase Order <a href=\\\""http://frontend:8080/app/purchase-order/PUR-ORD-2026-00001\\\"">PUR-ORD-2026-00001</a> \\n\\nDuring handling of the above exception, another exception occurred:\\n\\nTraceback (most recent call last):\\n  File \\\""apps/frappe/frappe/app.py\\\"", line 120, in application\\n    response = frappe.api.handle(request)\\n               ^^^^^^^^^^^^^^^^^^^^^^^^^^\\n  File \\\""apps/frappe/frappe/api/__init__.py\\\"", line 52, in handle\\n    data = endpoint(**arguments)\\n           ^^^^^^^^^^^^^^^^^^^^^\\n  File \\\""apps/frappe/frappe/api/v1.py\\\"", line 68, in delete_doc\\n    frappe.delete_doc(doctype, name, ignore_missing=False)\\n  File \\\""apps/frappe/frappe/__init__.py\\\"", line 1370, in delete_doc\\n    return frappe.model.delete_doc.delete_doc(\\n           ^^^^^^^^^^^^^^^^^^^^^^^^^^^^^^^^^^^\\n  File \\\""apps/frappe/frappe/model/delete_doc.py\\\"", line 136, in delete_doc\\n    frappe.throw(\\n  File \\\""apps/frappe/frappe/__init__.py\\\"", line 609, in throw\\n    msgprint(\\n  File \\\""apps/frappe/frappe/__init__.py\\\"", line 574, in msgprint\\n    _raise_exception()\\n  File \\\""apps/frappe/frappe/__init__.py\\\"", line 525, in _raise_exception\\n    raise exc\\nfrappe.exceptions.LinkExistsError: You can disable this Item instead of deleting it.\\n\""]"",""_server_messages"":""[\""{\\\""message\\\"": \\\""Cannot delete or cancel because Item <a href=\\\\\\\""http://frontend:8080/app/item/SANSHRAY_FOODS_GROCERY_07136000_TOORDAL_PRESIDENT_LOOSE\\\\\\\"">SANSHRAY_FOODS_GROCERY_07136000_TOORDAL_PRESIDENT_LOOSE</a> is linked with Purchase Order <a href=\\\\\\\""http://frontend:8080/app/purchase-order/PUR-ORD-2026-00001\\\\\\\"">PUR-ORD-2026-00001</a> \\\"", \\\""title\\\"": \\\""Message\\\"", \\\""indicator\\\"": \\\""red\\\"", \\\""raise_exception\\\"": 1, \\\""__frappe_exc_id\\\"": \\\""00b693a529f5210c008c98840a1da0063ff319a2093b2735909ccc2f\\\""}\"", \""{\\\""message\\\"": \\\""You can disable this Item instead of deleting it.\\\"", \\\""title\\\"": \\\""Message\\\"", \\\""indicator\\\"": \\\""red\\\"", \\\""raise_exception\\\"": 1, \\\""__frappe_exc_id\\\"": \\\""0f8763d45af043b0b64ae2c94689dfe51082031a83469d69de31a27d\\\""}\""]""}"
UDID DAL BHAARI,mixed-margin-delete-default-7,SANSHRAY_FOODS_RAW_MATERIAL_07132000_UDID_DAL_BHAARI,SANSHRAY_FOODS_GROCERY_07132000_UDID_DAL_BHAARI,blocked_by_history,3,0,2,0,"DELETE /api/resource/Item/SANSHRAY_FOODS_GROCERY_07132000_UDID_DAL_BHAARI failed: HTTP 417: {""exception"":""frappe.exceptions.LinkExistsError: You can disable this Item instead of deleting it."",""exc_type"":""LinkExistsError"",""exc"":""[\""Traceback (most recent call last):\\n  File \\\""apps/frappe/frappe/model/delete_doc.py\\\"", line 132, in delete_doc\\n    check_if_doc_is_linked(doc)\\n  File \\\""apps/frappe/frappe/model/delete_doc.py\\\"", line 319, in check_if_doc_is_linked\\n    raise_link_exists_exception(doc, linked_parent_doctype, reference_docname)\\n  File \\\""apps/frappe/frappe/model/delete_doc.py\\\"", line 384, in raise_link_exists_exception\\n    frappe.throw(\\n  File \\\""apps/frappe/frappe/__init__.py\\\"", line 609, in throw\\n    msgprint(\\n  File \\\""apps/frappe/frappe/__init__.py\\\"", line 574, in msgprint\\n    _raise_exception()\\n  File \\\""apps/frappe/frappe/__init__.py\\\"", line 525, in _raise_exception\\n    raise exc\\nfrappe.exceptions.LinkExistsError: Cannot delete or cancel because Item <a href=\\\""http://frontend:8080/app/item/SANSHRAY_FOODS_GROCERY_07132000_UDID_DAL_BHAARI\\\"">SANSHRAY_FOODS_GROCERY_07132000_UDID_DAL_BHAARI</a> is linked with Purchase Order <a href=\\\""http://frontend:8080/app/purchase-order/PUR-ORD-2026-00001\\\"">PUR-ORD-2026-00001</a> \\n\\nDuring handling of the above exception, another exception occurred:\\n\\nTraceback (most recent call last):\\n  File \\\""apps/frappe/frappe/app.py\\\"", line 120, in application\\n    response = frappe.api.handle(request)\\n               ^^^^^^^^^^^^^^^^^^^^^^^^^^\\n  File \\\""apps/frappe/frappe/api/__init__.py\\\"", line 52, in handle\\n    data = endpoint(**arguments)\\n           ^^^^^^^^^^^^^^^^^^^^^\\n  File \\\""apps/frappe/frappe/api/v1.py\\\"", line 68, in delete_doc\\n    frappe.delete_doc(doctype, name, ignore_missing=False)\\n  File \\\""apps/frappe/frappe/__init__.py\\\"", line 1370, in delete_doc\\n    return frappe.model.delete_doc.delete_doc(\\n           ^^^^^^^^^^^^^^^^^^^^^^^^^^^^^^^^^^^\\n  File \\\""apps/frappe/frappe/model/delete_doc.py\\\"", line 136, in delete_doc\\n    frappe.throw(\\n  File \\\""apps/frappe/frappe/__init__.py\\\"", line 609, in throw\\n    msgprint(\\n  File \\\""apps/frappe/frappe/__init__.py\\\"", line 574, in msgprint\\n    _raise_exception()\\n  File \\\""apps/frappe/frappe/__init__.py\\\"", line 525, in _raise_exception\\n    raise exc\\nfrappe.exceptions.LinkExistsError: You can disable this Item instead of deleting it.\\n\""]"",""_server_messages"":""[\""{\\\""message\\\"": \\\""Cannot delete or cancel because Item <a href=\\\\\\\""http://frontend:8080/app/item/SANSHRAY_FOODS_GROCERY_07132000_UDID_DAL_BHAARI\\\\\\\"">SANSHRAY_FOODS_GROCERY_07132000_UDID_DAL_BHAARI</a> is linked with Purchase Order <a href=\\\\\\\""http://frontend:8080/app/purchase-order/PUR-ORD-2026-00001\\\\\\\"">PUR-ORD-2026-00001</a> \\\"", \\\""title\\\"": \\\""Message\\\"", \\\""indicator\\\"": \\\""red\\\"", \\\""raise_exception\\\"": 1, \\\""__frappe_exc_id\\\"": \\\""a7e571f29b6c8e47039ae3b55949863a46c4c5202c54867746f02c3a\\\""}\"", \""{\\\""message\\\"": \\\""You can disable this Item instead of deleting it.\\\"", \\\""title\\\"": \\\""Message\\\"", \\\""indicator\\\"": \\\""red\\\"", \\\""raise_exception\\\"": 1, \\\""__frappe_exc_id\\\"": \\\""5b683616e054e7ebb2fae36fb6e12cdada45bd30d711e062ab1217a9\\\""}\""]""}"
WHITE SESAME TILL,mixed-margin-delete-default-7,SANSHRAY_FOODS_RAW_MATERIAL_12074090_WHITE_SESAME_TILL,SANSHRAY_FOODS_GROCERY_12074090_WHITE_SESAME_TILL,blocked_by_history,6,3,2,0,"DELETE /api/resource/Item/SANSHRAY_FOODS_GROCERY_12074090_WHITE_SESAME_TILL failed: HTTP 417: {""exception"":""frappe.exceptions.LinkExistsError: You can disable this Item instead of deleting it."",""exc_type"":""LinkExistsError"",""exc"":""[\""Traceback (most recent call last):\\n  File \\\""apps/frappe/frappe/model/delete_doc.py\\\"", line 132, in delete_doc\\n    check_if_doc_is_linked(doc)\\n  File \\\""apps/frappe/frappe/model/delete_doc.py\\\"", line 319, in check_if_doc_is_linked\\n    raise_link_exists_exception(doc, linked_parent_doctype, reference_docname)\\n  File \\\""apps/frappe/frappe/model/delete_doc.py\\\"", line 384, in raise_link_exists_exception\\n    frappe.throw(\\n  File \\\""apps/frappe/frappe/__init__.py\\\"", line 609, in throw\\n    msgprint(\\n  File \\\""apps/frappe/frappe/__init__.py\\\"", line 574, in msgprint\\n    _raise_exception()\\n  File \\\""apps/frappe/frappe/__init__.py\\\"", line 525, in _raise_exception\\n    raise exc\\nfrappe.exceptions.LinkExistsError: Cannot delete or cancel because Item <a href=\\\""http://frontend:8080/app/item/SANSHRAY_FOODS_GROCERY_12074090_WHITE_SESAME_TILL\\\"">SANSHRAY_FOODS_GROCERY_12074090_WHITE_SESAME_TILL</a> is linked with Purchase Order <a href=\\\""http://frontend:8080/app/purchase-order/PUR-ORD-2026-00001\\\"">PUR-ORD-2026-00001</a> \\n\\nDuring handling of the above exception, another exception occurred:\\n\\nTraceback (most recent call last):\\n  File \\\""apps/frappe/frappe/app.py\\\"", line 120, in application\\n    response = frappe.api.handle(request)\\n               ^^^^^^^^^^^^^^^^^^^^^^^^^^\\n  File \\\""apps/frappe/frappe/api/__init__.py\\\"", line 52, in handle\\n    data = endpoint(**arguments)\\n           ^^^^^^^^^^^^^^^^^^^^^\\n  File \\\""apps/frappe/frappe/api/v1.py\\\"", line 68, in delete_doc\\n    frappe.delete_doc(doctype, name, ignore_missing=False)\\n  File \\\""apps/frappe/frappe/__init__.py\\\"", line 1370, in delete_doc\\n    return frappe.model.delete_doc.delete_doc(\\n           ^^^^^^^^^^^^^^^^^^^^^^^^^^^^^^^^^^^\\n  File \\\""apps/frappe/frappe/model/delete_doc.py\\\"", line 136, in delete_doc\\n    frappe.throw(\\n  File \\\""apps/frappe/frappe/__init__.py\\\"", line 609, in throw\\n    msgprint(\\n  File \\\""apps/frappe/frappe/__init__.py\\\"", line 574, in msgprint\\n    _raise_exception()\\n  File \\\""apps/frappe/frappe/__init__.py\\\"", line 525, in _raise_exception\\n    raise exc\\nfrappe.exceptions.LinkExistsError: You can disable this Item instead of deleting it.\\n\""]"",""_server_messages"":""[\""{\\\""message\\\"": \\\""Cannot delete or cancel because Item <a href=\\\\\\\""http://frontend:8080/app/item/SANSHRAY_FOODS_GROCERY_12074090_WHITE_SESAME_TILL\\\\\\\"">SANSHRAY_FOODS_GROCERY_12074090_WHITE_SESAME_TILL</a> is linked with Purchase Order <a href=\\\\\\\""http://frontend:8080/app/purchase-order/PUR-ORD-2026-00001\\\\\\\"">PUR-ORD-2026-00001</a> \\\"", \\\""title\\\"": \\\""Message\\\"", \\\""indicator\\\"": \\\""red\\\"", \\\""raise_exception\\\"": 1, \\\""__frappe_exc_id\\\"": \\\""57be952f16cd6d45b8061e13078d6eb1b7f7993f33c590b6cdaa082a\\\""}\"", \""{\\\""message\\\"": \\\""You can disable this Item instead of deleting it.\\\"", \\\""title\\\"": \\\""Message\\\"", \\\""indicator\\\"": \\\""red\\\"", \\\""raise_exception\\\"": 1, \\\""__frappe_exc_id\\\"": \\\""fdcebbc4d2d4f934ebf138bb8046d456e80333cc6c3a271dfd426319\\\""}\""]""}"
